Tinamus major,Great_Tinamou
Crypturellus soui,Little_Tinamou
Crypturellus cinnamomeus,Thicket_Tinamou
Crypturellus boucardi,Slaty-breasted_Tinamou
Ortalis vetula,Plain_Chachalaca
Ortalis wagleri,Rufous-bellied_Chachalaca
Ortalis poliocephala,West_Mexican Chachalaca
Ortalis leucogastra,White-bellied_Chachalaca
Penelope purpurascens,Crested_Guan
Penelopina nigra,Highland_Guan
Oreophasis derbianus,Horned_Guan
Crax rubra,Great_Curassow
Perdix perdix,Grey_Partridge
Dendragapus canadensis,Spruce_Grouse
Lagopus lagopus,Willow_Ptarmigan
Lagopus muta,Rock_Ptarmigan
Lagopus leucura,White-tailed_Ptarmigan
Bonasa umbellus,Ruffed_Grouse
Centrocercus urophasianus,Greater_Sage-grouse
Tympanuchus phasianellus,Sharp-tailed_Grouse
Tympanuchus cupido,Greater_Prairie-chicken
Tympanuchus pallidicinctus,Lesser_Prairie-chicken
Meleagris gallopavo,Wild_Turkey
Meleagris ocellata,Ocellated_Turkey
Dendrortyx barbatus,Bearded_Wood-partridge
Dendrortyx macroura,Long-tailed_Wood-partridge
Dendrortyx leucophrys,Buffy-crowned_Wood-partridge
Oreortyx pictus,Mountain_Quail
Callipepla squamata,Scaled_Quail
Callipepla douglasii,Elegant_Quail
Callipepla californica,California_Quail
Callipepla gambelii,Gambel's_Quail
Philortyx fasciatus,Banded_Quail
Colinus nigrogularis,Black-throated_Bobwhite
Odontophorus guttatus,Spotted_Wood-quail
Dactylortyx thoracicus,Singing_Quail
Cyrtonyx montezumae,Montezuma_Quail
Cyrtonyx ocellatus,Ocellated_Quail
Dendrocygna bicolor,Fulvous_Whistling-duck
Dendrocygna autumnalis,Black-bellied_Whistling-duck
Nomonyx dominicus,Masked_Duck
Oxyura jamaicensis,Ruddy_Duck
Cygnus cygnus,Whooper_Swan
Cygnus buccinator,Trumpeter_Swan
Cygnus columbianus,Tundra_Swan
Anser fabalis,Bean_Goose
Anser albifrons,Greater_White-fronted Goose
Chen caerulescens,Snow_Goose
Chen rossii,Ross's_Goose
Chen canagica,Emperor_Goose
Branta sandvicensis,Hawaiian_Goose
Branta canadensis,Canada_Goose
Branta bernicla,Brent_Goose
Cairina moschata,Muscovy_Duck
Aix sponsa,Wood_Duck
Anas strepera,Gadwall_Anas penelope,Eurasian_Wigeon
Anas americana,American_Wigeon
Anas rubripes,American_Black Duck
Anas fulvigula,Mottled_Duck
Anas platyrhynchos,Mallard_Anas wyvilliana,Hawaiian_Duck
Anas laysanensis,Laysan_Duck
Anas discors,Blue-winged_Teal
Anas cyanoptera,Cinnamon_Teal
Anas clypeata,Northern_Shoveler
Anas bahamensis,White-cheeked_Pintail
Anas acuta,Northern_Pintail
Anas querquedula,Garganey_Aythya valisineria,Canvasback_Aythya americana,Redhead_Aythya collaris,Ring-necked_Duck
Aythya fuligula,Tufted_Duck
Aythya marila,Greater_Scaup
Aythya affinis,Lesser_Scaup
Somateria mollissima,Common_Eider
Somateria spectabilis,King_Eider
Somateria fischeri,Spectacled_Eider
Polysticta stelleri,Steller's_Eider
Camptorhynchus labradorius,Labrador_Duck
Histrionicus histrionicus,Harlequin_Duck
Clangula hyemalis,Long-tailed_Duck
Melanitta perspicillata,Surf_Scoter
Bucephala clangula,Common_Goldeneye
Bucephala islandica,Barrow's_Goldeneye
Bucephala albeola,Bufflehead_Mergellus albellus,Smew_Lophodytes cucullatus,Hooded_Merganser
Mergus serrator,Red-breasted_Merganser
Mergus merganser,Common_Merganser
Jynx torquilla,Eurasian_Wryneck
Melanerpes lewis,Lewis's_Woodpecker
Melanerpes erythrocephalus,Red-headed_Woodpecker
Melanerpes formicivorus,Acorn_Woodpecker
Melanerpes pucherani,Black-cheeked_Woodpecker
Melanerpes chrysogenys,Golden-cheeked_Woodpecker
Melanerpes hypopolius,Grey-breasted_Woodpecker
Melanerpes pygmaeus,Yucatan_Woodpecker
Melanerpes uropygialis,Gila_Woodpecker
Melanerpes carolinus,Red-bellied_Woodpecker
Melanerpes aurifrons,Golden-fronted_Woodpecker
Sphyrapicus varius,Yellow-bellied_Sapsucker
Sphyrapicus nuchalis,Red-naped_Sapsucker
Sphyrapicus ruber,Red-breasted_Sapsucker
Sphyrapicus thyroideus,Williamson's_Sapsucker
Picoides nuttallii,Nuttall's_Woodpecker
Picoides scalaris,Ladder-backed_Woodpecker
Picoides pubescens,Downy_Woodpecker
Picoides borealis,Red-cockaded_Woodpecker
Picoides stricklandi,Strickland's_Woodpecker
Picoides villosus,Hairy_Woodpecker
Picoides albolarvatus,White-headed_Woodpecker
Picoides arcticus,Black-backed_Woodpecker
Picoides fumigatus,Smoky-brown_Woodpecker
Colaptes auricularis,Grey-crowned_Woodpecker
Colaptes rubiginosus,Golden-olive_Woodpecker
Colaptes auratus,Northern_Flicker
Colaptes chrysoides,Gilded_Flicker
Celeus castaneus,Chestnut-coloured_Woodpecker
Dryocopus pileatus,Pileated_Woodpecker
Dryocopus lineatus,Lineated_Woodpecker
Campephilus guatemalensis,Pale-billed_Woodpecker
Campephilus imperialis,Imperial_Woodpecker
Campephilus principalis,Ivory-billed_Woodpecker
Aulacorhynchus prasinus,Emerald_Toucanet
Ramphastos sulfuratus,Keel-billed_Toucan
Galbula ruficauda,Rufous-tailed_Jacamar
Malacoptila panamensis,White-whiskered_Puffbird
Pharomachrus mocinno,Resplendent_Quetzal
Euptilotis neoxenus,Eared_Quetzal
Trogon massena,Slaty-tailed_Trogon
Trogon citreolus,Citreoline_Trogon
Trogon melanocephalus,Black-headed_Trogon
Trogon mexicanus,Mountain_Trogon
Trogon elegans,Elegant_Trogon
Trogon collaris,Collared_Trogon
Hylomanes momotula,Tody_Motmot
Aspatha gularis,Blue-throated_Motmot
Electron carinatum,Keel-billed_Motmot
Eumomota superciliosa,Turquoise-browed_Motmot
Momotus mexicanus,Russet-crowned_Motmot
Todus mexicanus,Puerto_Rican Tody
Megaceryle alcyon,Belted_Kingfisher
Megaceryle torquata,Ringed_Kingfisher
Chloroceryle amazona,Amazon_Kingfisher
Chloroceryle americana,Green_Kingfisher
Chloroceryle aenea,American_Pygmy Kingfisher
Coccyzus erythropthalmus,Black-billed_Cuckoo
Coccyzus americanus,Yellow-billed_Cuckoo
Coccyzus minor,Mangrove_Cuckoo
Piaya cayana,Squirrel_Cuckoo
Crotophaga ani,Smooth-billed_Ani
Crotophaga sulcirostris,Groove-billed_Ani
Tapera naevia,Striped_Cuckoo
Morococcyx erythropygus,Lesser_Ground-cuckoo
Dromococcyx phasianellus,Pheasant_Cuckoo
Geococcyx californianus,Greater_Roadrunner
Geococcyx velox,Lesser_Roadrunner
Ara militaris,Military_Macaw
Ara macao,Scarlet_Macaw
Aratinga brevipes,Socorro_Parakeet
Aratinga nana,Olive-throated_Parakeet
Aratinga canicularis,Orange-fronted_Parakeet
Rhynchopsitta pachyrhyncha,Thick-billed_Parrot
Rhynchopsitta terrisi,Maroon-fronted_Parrot
Conuropsis carolinensis,Carolina_Parakeet
Bolborhynchus lineola,Barred_Parakeet
Forpus cyanopygius,Mexican_Parrotlet
Brotogeris jugularis,Orange-chinned_Parakeet
Pyrilia haematotis,Brown-hooded_Parrot
Pionus senilis,White-crowned_Parrot
Amazona albifrons,White-fronted_Amazon
Amazona xantholora,Yellow-lored_Amazon
Amazona viridigenalis,Red-crowned_Amazon
Amazona finschi,Lilac-crowned_Amazon
Amazona autumnalis,Red-lored_Amazon
Amazona oratrix,Yellow-headed_Amazon
Amazona auropalliata,Yellow-naped_Amazon
Amazona farinosa,Mealy_Amazon
Streptoprocne rutila,Chestnut-collared_Swift
Cypseloides niger,American_Black Swift
Cypseloides storeri,White-fronted_Swift
Cypseloides cryptus,White-chinned_Swift
Streptoprocne zonaris,White-collared_Swift
Streptoprocne semicollaris,White-naped_Swift
Chaetura pelagica,Chimney_Swift
Aeronautes saxatalis,White-throated_Swift
Tachornis phoenicobia,Antillean_Palm-swift
Panyptila sanctihieronymi,Great_Swallow-tailed Swift
Panyptila cayennensis,Lesser_Swallow-tailed Swift
Phaeochroa cuvierii,Scaly-breasted_Hummingbird
Campylopterus curvipennis,Wedge-tailed_Sabrewing
Campylopterus excellens,Long-tailed_Sabrewing
Campylopterus rufus,Rufous_Sabrewing
Campylopterus hemileucurus,Violet_Sabrewing
Florisuga mellivora,White-necked_Jacobin
Colibri thalassinus,Green_Violet-ear
Anthracothorax prevostii,Green-breasted_Mango
Abeillia abeillei,Emerald-chinned_Hummingbird
Lophornis brachylophus,Short-crested_Coquette
Lophornis helenae,Black-crested_Coquette
Chlorostilbon canivetii,Fork-tailed_Emerald
Cynanthus sordidus,Dusky_Hummingbird
Cynanthus latirostris,Broad-billed_Hummingbird
Thalurania ridgwayi,Mexican_Woodnymph
Thalurania colombica,Blue-crowned_Woodnymph
Hylocharis xantusii,Xantus's_Hummingbird
Hylocharis leucotis,White-eared_Hummingbird
Hylocharis eliciae,Blue-throated_Goldentail
Amazilia candida,White-bellied_Emerald
Amazilia cyanocephala,Azure-crowned_Hummingbird
Amazilia beryllina,Berylline_Hummingbird
Amazilia cyanura,Blue-tailed_Hummingbird
Amazilia rutila,Cinnamon_Hummingbird
Amazilia yucatanensis,Buff-bellied_Hummingbird
Amazilia viridifrons,Green-fronted_Hummingbird
Amazilia violiceps,Violet-crowned_Hummingbird
Eupherusa poliocerca,White-tailed_Hummingbird
Eupherusa eximia,Stripe-tailed_Hummingbird
Eupherusa cyanophrys,Blue-capped_Hummingbird
Lampornis clemenciae,Blue-throated_Hummingbird
Lampornis amethystinus,Amethyst-throated_Hummingbird
Lampornis viridipallens,Green-throated_Mountain-gem
Lamprolaima rhami,Garnet-throated_Hummingbird
Eugenes fulgens,Magnificent_Hummingbird
Heliothryx barroti,Purple-crowned_Fairy
Heliomaster constantii,Plain-capped_Starthroat
Heliomaster longirostris,Long-billed_Starthroat
Doricha enicura,Slender_Sheartail
Doricha eliza,Mexican_Sheartail
Tilmatura dupontii,Sparkling-tailed_Hummingbird
Calothorax lucifer,Lucifer_Hummingbird
Calothorax pulcher,Beautiful_Hummingbird
Archilochus colubris,Ruby-throated_Hummingbird
Archilochus alexandri,Black-chinned_Hummingbird
Calypte anna,Anna's_Hummingbird
Calypte costae,Costa's_Hummingbird
Calliphlox evelynae,Bahama_Woodstar
Stellula calliope,Calliope_Hummingbird
Atthis heloisa,Bumblebee_Hummingbird
Atthis ellioti,Wine-throated_Hummingbird
Selasphorus platycercus,Broad-tailed_Hummingbird
Selasphorus rufus,Rufous_Hummingbird
Selasphorus sasin,Allen's_Hummingbird
Tyto alba,Barn_Owl
Otus flammeolus,Flammulated_Owl
Megascops kennicottii,Western_Screech-owl
Megascops asio,Eastern_Screech-owl
Megascops trichopsis,Whiskered_Screech-owl
Megascops barbarus,Bearded_Screech-owl
Bubo virginianus,Great_Horned Owl
Bubo scandiaca,Snowy_Owl
Strix occidentalis,Spotted_Owl
Strix varia,Barred_Owl
Strix fulvescens,Fulvous_Owl
Strix nebulosa,Great_Grey Owl
Strix virgata,Mottled_Owl
Strix nigrolineata,Black-and-white_Owl
Lophostrix cristata,Crested_Owl
Pulsatrix perspicillata,Spectacled_Owl
Surnia ulula,Northern_Hawk Owl
Glaucidium brasilianum,Ferruginous_Pygmy-owl
Micrathene whitneyi,Elf_Owl
Athene cunicularia,Burrowing_Owl
Aegolius funereus,Boreal_Owl
Aegolius acadicus,Northern_Saw-whet Owl
Aegolius ridgwayi,Southern_Saw-whet Owl
Asio stygius,Stygian_Owl
Asio otus,Long-eared_Owl
Pseudoscops clamator,Striped_Owl
Asio flammeus,Short-eared_Owl
Nyctibius grandis,Great_Potoo
Nyctibius jamaicensis,Northern_Potoo
Lurocalis semitorquatus,Short-tailed_Nighthawk
Chordeiles acutipennis,Lesser_Nighthawk
Chordeiles minor,Common_Nighthawk
Chordeiles gundlachii,Antillean_Nighthawk
Nyctidromus albicollis,Common_Pauraque
Phalaenoptilus nuttallii,Common_Poorwill
Nyctiphrynus mcleodii,Eared_Poorwill
Nyctiphrynus yucatanicus,Yucatan_Poorwill
Caprimulgus carolinensis,Chuck-will's-widow_Caprimulgus salvini,Tawny-collared_Nightjar
Caprimulgus badius,Yucatan_Nightjar
Caprimulgus ridgwayi,Buff-collared_Nightjar
Caprimulgus maculicaudus,Spot-tailed_Nightjar
Patagioenas leucocephala,White-crowned_Pigeon
Patagioenas speciosa,Scaled_Pigeon
Patagioenas squamosa,Scaly-naped_Pigeon
Patagioenas fasciata,Band-tailed_Pigeon
Patagioenas cayennensis,Pale-vented_Pigeon
Patagioenas flavirostris,Red-billed_Pigeon
Patagioenas nigrirostris,Short-billed_Pigeon
Ectopistes migratorius,Passenger_Pigeon
Zenaida macroura,Mourning_Dove
Zenaida graysoni,Socorro_Dove
Zenaida aurita,Zenaida_Dove
Columbina inca,Inca_Dove
Columbina passerina,Common_Ground-dove
Columbina minuta,Plain-breasted_Ground-dove
Columbina talpacoti,Ruddy_Ground-dove
Claravis pretiosa,Blue_Ground-dove
Claravis mondetoura,Maroon-chested_Ground-dove
Leptotila verreauxi,White-tipped_Dove
Leptotila plumbeiceps,Grey-headed_Dove
Leptotila jamaicensis,Caribbean_Dove
Leptotila cassini,Grey-chested_Dove
Geotrygon carrikeri,Tuxtla_Quail-dove
Geotrygon albifacies,White-faced_Quail-dove
Geotrygon chrysia,Key_West Quail-dove
Geotrygon montana,Ruddy_Quail-dove
Eurypyga helias,Sunbittern_Grus canadensis,Sandhill_Crane
Grus grus,Common_Crane
Grus americana,Whooping_Crane
Aramus guarauna,Limpkin_Heliornis fulica,Sungrebe_Coturnicops noveboracensis,Yellow_Rail
Laterallus ruber,Ruddy_Crake
Laterallus jamaicensis,Black_Rail
Gallirallus wakensis,Wake_Island Rail
Rallus longirostris,Clapper_Rail
Rallus elegans,King_Rail
Rallus limicola,Virginia_Rail
Aramides axillaris,Rufous-necked_Wood-rail
Aramides cajaneus,Grey-necked_Wood-rail
Amaurolimnas concolor,Uniform_Crake
Porzana palmeri,Laysan_Rail
Porzana carolina,Sora_Porzana sandwichensis,Hawaiian_Rail
Porzana flaviventer,Yellow-breasted_Crake
Neocrex erythrops,Paint-billed_Crake
Pardirallus maculatus,Spotted_Rail
Porphyrio martinicus,Yellow-legged_Gallinule
Porphyrio flavirostris,Azure_Gallinule
Gallinula chloropus,Common_Moorhen
Fulica alai,Hawaiian_Coot
Fulica americana,American_Coot
Scolopax minor,American_Woodcock
Gallinago stenura,Pintail_Snipe
Limosa haemastica,Hudsonian_Godwit
Limosa lapponica,Bar-tailed_Godwit
Limosa fedoa,Marbled_Godwit
Numenius borealis,Eskimo_Curlew
Numenius phaeopus,Whimbrel_Numenius tahitiensis,Bristle-thighed_Curlew
Numenius americanus,Long-billed_Curlew
Numenius madagascariensis,Far_Eastern Curlew
Bartramia longicauda,Upland_Sandpiper
Tringa erythropus,Spotted_Redshank
Tringa nebularia,Common_Greenshank
Tringa melanoleuca,Greater_Yellowlegs
Tringa flavipes,Lesser_Yellowlegs
Tringa solitaria,Solitary_Sandpiper
Tringa glareola,Wood_Sandpiper
Xenus cinereus,Terek_Sandpiper
Actitis macularius,Spotted_Sandpiper
Heteroscelus brevipes,Grey-tailed_Tattler
Heteroscelus incanus,Wandering_Tattler
Catoptrophorus semipalmatus,Willet_Arenaria interpres,Ruddy_Turnstone
Arenaria melanocephala,Black_Turnstone
Limnodromus griseus,Short-billed_Dowitcher
Limnodromus scolopaceus,Long-billed_Dowitcher
Aphriza virgata,Surfbird_Calidris canutus,Red_Knot
Calidris alba,Sanderling_Calidris pusilla,Semipalmated_Sandpiper
Calidris mauri,Western_Sandpiper
Calidris ruficollis,Red-necked_Stint
Calidris subminuta,Long-toed_Stint
Calidris minutilla,Least_Sandpiper
Calidris fuscicollis,White-rumped_Sandpiper
Calidris bairdii,Baird's_Sandpiper
Calidris melanotos,Pectoral_Sandpiper
Calidris acuminata,Sharp-tailed_Sandpiper
Calidris maritima,Purple_Sandpiper
Calidris ptilocnemis,Rock_Sandpiper
Calidris alpina,Dunlin_Calidris ferruginea,Curlew_Sandpiper
Calidris himantopus,Stilt_Sandpiper
Tryngites subruficollis,Buff-breasted_Sandpiper
Steganopus tricolor,Wilson's_Phalarope
Phalaropus lobatus,Red-necked_Phalarope
Phalaropus fulicarius,Red_Phalarope
Jacana spinosa,Northern_Jacana
Burhinus bistriatus,Double-striped_Thick-knee
Haematopus bachmani,Black_Oystercatcher
Haematopus palliatus,American_Oystercatcher
Recurvirostra americana,American_Avocet
Pluvialis fulva,Pacific_Golden Plover
Pluvialis dominica,American_Golden Plover
Pluvialis squatarola,Grey_Plover
Charadrius hiaticula,Common_Ringed Plover
Charadrius semipalmatus,Semipalmated_Plover
Charadrius wilsonia,Wilson's_Plover
Charadrius vociferus,Killdeer_Charadrius melodus,Piping_Plover
Charadrius alexandrinus,Kentish_Plover
Charadrius collaris,Collared_Plover
Charadrius mongolus,Lesser_Sand Plover
Charadrius montanus,Mountain_Plover
Eudromias morinellus,Eurasian_Dotterel
Glareola maldivarum,Oriental_Pratincole
Stercorarius skua,Great_Skua
Stercorarius maccormicki,South_Polar Skua
Stercorarius pomarinus,Pomarine_Jaeger
Stercorarius parasiticus,Parasitic_Jaeger
Stercorarius longicaudus,Long-tailed_Jaeger
Rynchops niger,Black_Skimmer
Larus heermanni,Heermann's_Gull
Larus canus,Mew_Gull
Larus delawarensis,Ring-billed_Gull
Larus californicus,California_Gull
Larus marinus,Great_Black-backed Gull
Larus dominicanus,Kelp_Gull
Larus glaucescens,Glaucous-winged_Gull
Larus occidentalis,Western_Gull
Larus livens,Yellow-footed_Gull
Larus hyperboreus,Glaucous_Gull
Larus glaucoides,Iceland_Gull
Larus argentatus,Herring_Gull
Larus schistisagus,Slaty-backed_Gull
Larus fuscus,Lesser_Black-backed Gull
Larus ridibundus,Black-headed_Gull
Larus philadelphia,Bonaparte's_Gull
Larus atricilla,Laughing_Gull
Larus pipixcan,Franklin's_Gull
Larus minutus,Little_Gull
Pagophila eburnea,Ivory_Gull
Rhodostethia rosea,Ross's_Gull
Xema sabini,Sabine's_Gull
Rissa tridactyla,Black-legged_Kittiwake
Rissa brevirostris,Red-legged_Kittiwake
Sterna nilotica,Gull-billed_Tern
Sterna caspia,Caspian_Tern
Sterna maxima,Royal_Tern
Sterna elegans,Elegant_Tern
Sterna sandvicensis,Sandwich_Tern
Sterna dougallii,Roseate_Tern
Sterna hirundo,Common_Tern
Sterna paradisaea,Arctic_Tern
Sterna forsteri,Forster's_Tern
Sterna antillarum,Least_Tern
Sterna aleutica,Aleutian_Tern
Sterna lunata,Grey-backed_Tern
Sterna anaethetus,Bridled_Tern
Sterna fuscata,Sooty_Tern
Chlidonias niger,Black_Tern
Phaetusa simplex,Large-billed_Tern
Anous stolidus,Brown_Noddy
Anous minutus,Black_Noddy
Procelsterna cerulea,Blue_Noddy
Gygis alba,Common_White Tern
Alle alle,Little_Auk
Uria aalge,Common_Guillemot
Uria lomvia,Thick-billed_Guillemot
Alca torda,Razorbill_Pinguinus impennis,Great_Auk
Cepphus grylle,Black_Guillemot
Cepphus columba,Pigeon_Guillemot
Brachyramphus marmoratus,Marbled_Murrelet
Brachyramphus brevirostris,Kittlitz's_Murrelet
Synthliboramphus hypoleucus,Xantus's_Murrelet
Synthliboramphus craveri,Craveri's_Murrelet
Synthliboramphus antiquus,Ancient_Murrelet
Ptychoramphus aleuticus,Cassin's_Auklet
Aethia psittacula,Parakeet_Auklet
Aethia cristatella,Crested_Auklet
Aethia pygmaea,Whiskered_Auklet
Aethia pusilla,Least_Auklet
Cerorhinca monocerata,Rhinoceros_Auklet
Fratercula arctica,Atlantic_Puffin
Fratercula corniculata,Horned_Puffin
Fratercula cirrhata,Tufted_Puffin
Pandion haliaetus,Osprey_Leptodon cayanensis,Grey-headed_Kite
Chondrohierax uncinatus,Hook-billed_Kite
Elanoides forficatus,American_Swallow-tailed Kite
Elanus leucurus,White-tailed_Kite
Rostrhamus sociabilis,Snail_Kite
Harpagus bidentatus,Double-toothed_Kite
Ictinia mississippiensis,Mississippi_Kite
Ictinia plumbea,Plumbeous_Kite
Haliaeetus leucocephalus,Bald_Eagle
Circus cyaneus,Northern_Harrier
Accipiter cooperii,Cooper's_Hawk
Accipiter bicolor,Bicoloured_Hawk
Accipiter gentilis,Northern_Goshawk
Geranospiza caerulescens,Crane_Hawk
Leucopternis albicollis,White_Hawk
Buteogallus urubitinga,Great_Black-hawk
Parabuteo unicinctus,Harris's_Hawk
Busarellus nigricollis,Black-collared_Hawk
Harpyhaliaetus solitarius,Solitary_Eagle
Buteo magnirostris,Roadside_Hawk
Buteo lineatus,Red-shouldered_Hawk
Buteo platypterus,Broad-winged_Hawk
Buteo brachyurus,Short-tailed_Hawk
Buteo swainsoni,Swainson's_Hawk
Buteo albicaudatus,White-tailed_Hawk
Buteo albonotatus,Zone-tailed_Hawk
Buteo solitarius,Hawaiian_Hawk
Buteo jamaicensis,Red-tailed_Hawk
Buteo regalis,Ferruginous_Hawk
Buteo lagopus,Rough-legged_Hawk
Morphnus guianensis,Crested_Eagle
Harpia harpyja,Harpy_Eagle
Aquila chrysaetos,Golden_Eagle
Spizaetus melanoleucus,Black-and-white_Hawk-eagle
Spizaetus tyrannus,Black_Hawk-eagle
Spizaetus ornatus,Ornate_Hawk-eagle
Ibycter americanus,Red-throated_Caracara
Caracara cheriway,Crested_Caracara
Herpetotheres cachinnans,Laughing_Falcon
Micrastur ruficollis,Barred_Forest-falcon
Micrastur semitorquatus,Collared_Forest-falcon
Falco sparverius,American_Kestrel
Falco femoralis,Aplomado_Falcon
Falco columbarius,Merlin_Falco rufigularis,Bat_Falcon
Falco rusticolus,Gyr_Falcon
Falco mexicanus,Prairie_Falcon
Falco peregrinus,Peregrine_Falcon
Falco deiroleucus,Orange-breasted_Falcon
Tachybaptus dominicus,Least_Grebe
Podilymbus podiceps,Pied-billed_Grebe
Podiceps grisegena,Red-necked_Grebe
Podiceps auritus,Horned_Grebe
Podiceps nigricollis,Black-necked_Grebe
Aechmophorus occidentalis,Western_Grebe
Aechmophorus clarkii,Clark's_Grebe
Phaethon aethereus,Red-billed_Tropicbird
Phaethon rubricauda,Red-tailed_Tropicbird
Phaethon lepturus,White-tailed_Tropicbird
Morus bassanus,Northern_Gannet
Sula nebouxii,Blue-footed_Booby
Sula sula,Red-footed_Booby
Sula leucogaster,Brown_Booby
Anhinga anhinga,Anhinga_Phalacrocorax penicillatus,Brandt's_Cormorant
Phalacrocorax brasilianus,Neotropic_Cormorant
Phalacrocorax auritus,Double-crested_Cormorant
Phalacrocorax carbo,Great_Cormorant
Phalacrocorax urile,Red-faced_Cormorant
Egretta rufescens,Reddish_Egret
Egretta tricolor,Tricoloured_Heron
Egretta caerulea,Little_Blue Heron
Egretta gularis,Western_Reef-egret
Egretta thula,Snowy_Egret
Ardea herodias,Great_Blue Heron
Casmerodius albus,Great_Egret
Bubulcus ibis,Cattle_Egret
Butorides virescens,Green_Heron
Agamia agami,Agami_Heron
Nyctanassa violacea,Yellow-crowned_Night-heron
Nycticorax nycticorax,Black-crowned_Night-heron
Cochlearius cochlearius,Boat-billed_Heron
Tigrisoma mexicanum,Bare-throated_Tiger-heron
Ixobrychus sinensis,Yellow_Bittern
Ixobrychus exilis,Least_Bittern
Botaurus lentiginosus,American_Bittern
Botaurus pinnatus,Pinnated_Bittern
Eudocimus albus,White_Ibis
Plegadis falcinellus,Glossy_Ibis
Plegadis chihi,White-faced_Ibis
Platalea ajaja,Roseate_Spoonbill
Pelecanus erythrorhynchos,American_White Pelican
Coragyps atratus,Black_Vulture
Cathartes aura,Turkey_Vulture
Cathartes burrovianus,Lesser_Yellow-headed Vulture
Gymnogyps californianus,California_Condor
Sarcoramphus papa,King_Vulture
Mycteria americana,Wood_Stork
Jabiru mycteria,Jabiru_Fregata magnificens,Magnificent_Frigatebird
Fregata minor,Greater_Frigatebird
Fregata ariel,Lesser_Frigatebird
Gavia stellata,Red-throated_Loon
Gavia arctica,Arctic_Loon
Gavia pacifica,Pacific_Loon
Gavia immer,Common_Loon
Gavia adamsii,Yellow-billed_Loon
Fulmarus glacialis,Northern_Fulmar
Pterodroma nigripennis,Black-winged_Petrel
Pterodroma cervicalis,White-necked_Petrel
Pterodroma inexpectata,Mottled_Petrel
Pterodroma hypoleuca,Bonin_Petrel
Pterodroma cookii,Cook's_Petrel
Pterodroma pycrofti,Pycroft's_Petrel
Pterodroma longirostris,Stejneger's_Petrel
Pterodroma sandwichensis,Hawaiian_Petrel
Pterodroma phaeopygia,Galapagos_Petrel
Pterodroma neglecta,Kermadec_Petrel
Pterodroma externa,Juan_Fernandez Petrel
Pterodroma solandri,Providence_Petrel
Pterodroma feae,Fea's_Petrel
Pterodroma cahow,Bermuda_Petrel
Pterodroma hasitata,Black-capped_Petrel
Bulweria bulwerii,Bulwer's_Petrel
Procellaria parkinsoni,Parkinson's_Petrel
Calonectris diomedea,Cory's_Shearwater
Calonectris leucomelas,Streaked_Shearwater
Puffinus pacificus,Wedge-tailed_Shearwater
Puffinus bulleri,Buller's_Shearwater
Puffinus carneipes,Flesh-footed_Shearwater
Puffinus creatopus,Pink-footed_Shearwater
Puffinus gravis,Great_Shearwater
Puffinus griseus,Sooty_Shearwater
Puffinus tenuirostris,Short-tailed_Shearwater
Puffinus nativitatis,Christmas_Island Shearwater
Puffinus puffinus,Manx_Shearwater
Puffinus auricularis,Townsend's_Shearwater
Puffinus newelli,Newell's_Shearwater
Puffinus opisthomelas,Black-vented_Shearwater
Puffinus lherminieri,Audubon's_Shearwater
Phoebastria albatrus,Short-tailed_Albatross
Phoebastria nigripes,Black-footed_Albatross
Phoebastria immutabilis,Laysan_Albatross
Oceanites oceanicus,Wilson's_Storm-petrel
Halocyptena microsoma,Least_Storm-petrel
Oceanodroma tethys,Wedge-rumped_Storm-petrel
Oceanodroma leucorhoa,Leach's_Storm-petrel
Oceanodroma macrodactyla,Guadalupe_Storm-petrel
Oceanodroma tristrami,Tristram's_Storm-petrel
Oceanodroma melania,Black_Storm-petrel
Oceanodroma homochroa,Ashy_Storm-petrel
Oceanodroma furcata,Fork-tailed_Storm-petrel
Mionectes oleagineus,Ochre-bellied_Flycatcher
Leptopogon amaurocephalus,Sepia-capped_Flycatcher
Poecilotriccus sylvia,Slate-headed_Tody-flycatcher
Todirostrum cinereum,Common_Tody-flycatcher
Zimmerius vilissimus,Paltry_Tyrannulet
Ornithion semiflavum,Yellow-bellied_Tyrannulet
Camptostoma imberbe,Northern_Beardless-tyrannulet
Myiopagis viridicata,Greenish_Elaenia
Elaenia martinica,Caribbean_Elaenia
Elaenia flavogaster,Yellow-bellied_Elaenia
Oncostoma cinereigulare,Northern_Bentbill
Rhynchocyclus brevirostris,Eye-ringed_Flatbill
Tolmomyias sulphurescens,Yellow-olive_Flycatcher
Platyrinchus cancrominus,Stub-tailed_Spadebill
Terenotriccus erythrurus,Ruddy-tailed_Flycatcher
Xenotriccus callizonus,Belted_Flycatcher
Xenotriccus mexicanus,Pileated_Flycatcher
Mitrephanes phaeocercus,Tufted_Flycatcher
Contopus cooperi,Olive-sided_Flycatcher
Contopus pertinax,Greater_Pewee
Contopus ochraceus,Ochraceous_Pewee
Contopus sordidulus,Western_Wood-pewee
Contopus virens,Eastern_Wood-pewee
Contopus cinereus,Tropical_Pewee
Empidonax flaviventris,Yellow-bellied_Flycatcher
Empidonax virescens,Acadian_Flycatcher
Empidonax alnorum,Alder_Flycatcher
Empidonax traillii,Willow_Flycatcher
Empidonax albigularis,White-throated_Flycatcher
Empidonax minimus,Least_Flycatcher
Empidonax hammondii,Hammond's_Flycatcher
Empidonax wrightii,Grey_Flycatcher
Empidonax oberholseri,American_Dusky Flycatcher
Empidonax affinis,Pine_Flycatcher
Empidonax difficilis,Pacific-slope_Flycatcher
Empidonax occidentalis,Cordilleran_Flycatcher
Empidonax flavescens,Yellowish_Flycatcher
Empidonax fulvifrons,Buff-breasted_Flycatcher
Sayornis phoebe,Eastern_Phoebe
Sayornis saya,Say's_Phoebe
Sayornis nigricans,Black_Phoebe
Pyrocephalus rubinus,Vermilion_Flycatcher
Attila spadiceus,Bright-rumped_Attila
Rhytipterna holerythra,Rufous_Mourner
Laniocera rufescens,Speckled_Mourner
Myiarchus yucatanensis,Yucatan_Flycatcher
Myiarchus tuberculifer,Dusky-capped_Flycatcher
Myiarchus cinerascens,Ash-throated_Flycatcher
Myiarchus nuttingi,Nutting's_Flycatcher
Myiarchus crinitus,Great_Crested Flycatcher
Myiarchus tyrannulus,Brown-crested_Flycatcher
Myiarchus sagrae,La_Sagra's Flycatcher
Deltarhynchus flammulatus,Flammulated_Flycatcher
Tyrannus melancholicus,Tropical_Kingbird
Tyrannus couchii,Couch's_Kingbird
Tyrannus vociferans,Cassin's_Kingbird
Tyrannus crassirostris,Thick-billed_Kingbird
Tyrannus verticalis,Western_Kingbird
Tyrannus forficatus,Scissor-tailed_Flycatcher
Tyrannus savana,Fork-tailed_Flycatcher
Tyrannus tyrannus,Eastern_Kingbird
Tyrannus dominicensis,Grey_Kingbird
Tyrannus caudifasciatus,Loggerhead_Kingbird
Empidonomus varius,Variegated_Flycatcher
Megarynchus pitangua,Boat-billed_Flycatcher
Myiodynastes chrysocephalus,Golden-crowned_Flycatcher
Myiodynastes maculatus,Streaked_Flycatcher
Myiodynastes luteiventris,Sulphur-bellied_Flycatcher
Myiozetetes similis,Social_Flycatcher
Legatus leucophaius,Piratic_Flycatcher
Pitangus sulphuratus,Great_Kiskadee
Schiffornis turdina,Thrush-like_Schiffornis
Pachyramphus cinnamomeus,Cinnamon_Becard
Pachyramphus polychopterus,White-winged_Becard
Pachyramphus major,Grey-collared_Becard
Pachyramphus aglaiae,Rose-throated_Becard
Tityra semifasciata,Masked_Tityra
Tityra inquisitor,Black-crowned_Tityra
Lipaugus unirufus,Rufous_Piha
Cotinga amabilis,Lovely_Cotinga
Pipra mentalis,Red-capped_Manakin
Chiroxiphia linearis,Long-tailed_Manakin
Manacus candei,White-collared_Manakin
Taraba major,Great_Antshrike
Thamnophilus doliatus,Barred_Antshrike
Thamnistes anabatinus,Russet_Antshrike
Dysithamnus mentalis,Plain_Antvireo
Myrmotherula axillaris,White-flanked_Antwren
Myrmotherula schisticolor,Slaty_Antwren
Microrhopias quixensis,Dot-winged_Antwren
Cercomacra tyrannina,Dusky_Antbird
Gymnocichla nudiceps,Bare-crowned_Antbird
Synallaxis erythrothorax,Rufous-breasted_Spinetail
Anabacerthia variegaticeps,Scaly-throated_Foliage-gleaner
Automolus ochrolaemus,Buff-throated_Foliage-gleaner
Sclerurus mexicanus,Tawny-throated_Leaftosser
Sclerurus guatemalensis,Scaly-throated_Leaftosser
Xenops minutus,Plain_Xenops
Dendrocincla anabatina,Tawny-winged_Woodcreeper
Dendrocincla homochroa,Ruddy_Woodcreeper
Sittasomus griseicapillus,Olivaceous_Woodcreeper
Glyphorynchus spirurus,Wedge-billed_Woodcreeper
Xiphocolaptes promeropirhynchus,Strong-billed_Woodcreeper
Dendrocolaptes picumnus,Black-banded_Woodcreeper
Xiphorhynchus flavigaster,Ivory-billed_Woodcreeper
Xiphorhynchus erythropygius,Spotted_Woodcreeper
Lepidocolaptes leucogaster,White-striped_Woodcreeper
Lepidocolaptes souleyetii,Streak-headed_Woodcreeper
Formicarius analis,Black-faced_Antthrush
Grallaria guatimalensis,Scaled_Antpitta
Moho braccatus,Kauai_Oo
Moho apicalis,Oahu_Oo
Moho bishopi,Bishop's_Oo
Moho nobilis,Hawaii_Oo
Chaetoptila angustipluma,Kioea_Lanius ludovicianus,Loggerhead_Shrike
Cyclarhis gujanensis,Rufous-browed_Peppershrike
Vireolanius melitophrys,Chestnut-sided_Shrike-vireo
Vireolanius pulchellus,Green_Shrike-vireo
Vireo brevipennis,Slaty_Vireo
Vireo bellii,Bell's_Vireo
Vireo atricapilla,Black-capped_Vireo
Vireo nelsoni,Dwarf_Vireo
Vireo huttoni,Hutton's_Vireo
Vireo griseus,White-eyed_Vireo
Vireo pallens,Mangrove_Vireo
Vireo bairdi,Cozumel_Vireo
Vireo crassirostris,Thick-billed_Vireo
Vireo vicinior,Grey_Vireo
Vireo hypochryseus,Golden_Vireo
Vireo cassinii,Cassin's_Vireo
Vireo plumbeus,Plumbeous_Vireo
Vireo solitarius,Blue-headed_Vireo
Vireo flavifrons,Yellow-throated_Vireo
Vireo philadelphicus,Philadelphia_Vireo
Vireo olivaceus,Red-eyed_Vireo
Vireo flavoviridis,Yellow-green_Vireo
Vireo altiloquus,Black-whiskered_Vireo
Vireo magister,Yucatan_Vireo
Vireo leucophrys,Brown-capped_Vireo
Hylophilus ochraceiceps,Tawny-crowned_Greenlet
Hylophilus decurtatus,Lesser_Greenlet
Gymnorhinus cyanocephalus,Pinyon_Jay
Cyanocitta cristata,Blue_Jay
Cyanocitta stelleri,Steller's_Jay
Aphelocoma insularis,Island_Scrub-jay
Aphelocoma californica,Western_Scrub-jay
Aphelocoma coerulescens,Florida_Scrub-jay
Aphelocoma unicolor,Unicoloured_Jay
Cyanolyca cucullata,Azure-hooded_Jay
Cyanolyca pumilo,Black-throated_Jay
Cyanolyca nana,Dwarf_Jay
Cyanolyca mirabilis,White-throated_Jay
Cyanocorax sanblasianus,San_Blas Jay
Cyanocorax yucatanicus,Yucatan_Jay
Cyanocorax beecheii,Purplish-backed_Jay
Cyanocorax dickeyi,Tufted_Jay
Cyanocorax yncas,Green_Jay
Psilorhinus morio,Brown_Jay
Calocitta colliei,Black-throated_Magpie-jay
Calocitta formosa,White-throated_Magpie-jay
Perisoreus canadensis,Grey_Jay
Pica pica,Black-billed_Magpie
Pica nuttalli,Yellow-billed_Magpie
Nucifraga columbiana,Clark's_Nutcracker
Corvus caurinus,North-western_Crow
Corvus brachyrhynchos,American_Crow
Corvus ossifragus,Fish_Crow
Corvus imparatus,Tamaulipas_Crow
Corvus sinaloae,Sinaloa_Crow
Corvus hawaiiensis,Hawaiian_Crow
Corvus cryptoleucus,Chihuahuan_Raven
Corvus corax,Common_Raven
Ptilogonys cinereus,Grey_Silky-flycatcher
Phainopepla nitens,Phainopepla_Bombycilla garrulus,Bohemian_Waxwing
Bombycilla cedrorum,Cedar_Waxwing
Cinclus mexicanus,American_Dipper
Zoothera naevia,Varied_Thrush
Zoothera pinicola,Aztec_Thrush
Sialia sialis,Eastern_Bluebird
Sialia mexicana,Western_Bluebird
Sialia currucoides,Mountain_Bluebird
Myadestes myadestinus,Kamao_Myadestes woahensis,Amaui_Myadestes lanaiensis,Olomao_Myadestes obscurus,Omao_Myadestes palmeri,Puaiohi_Myadestes townsendi,Townsend's_Solitaire
Myadestes occidentalis,Brown-backed_Solitaire
Myadestes unicolor,Slate-coloured_Solitaire
Catharus aurantiirostris,Orange-billed_Nightingale-thrush
Catharus occidentalis,Russet_Nightingale-thrush
Catharus frantzii,Ruddy-capped_Nightingale-thrush
Catharus mexicanus,Black-headed_Nightingale-thrush
Catharus dryas,Spotted_Nightingale-thrush
Catharus fuscescens,Veery_Catharus minimus,Grey-cheeked_Thrush
Catharus ustulatus,Swainson's_Thrush
Catharus guttatus,Hermit_Thrush
Hylocichla mustelina,Wood_Thrush
Turdus obscurus,Eyebrowed_Thrush
Turdus naumanni,Dusky_Thrush
Turdus iliacus,Redwing_Turdus infuscatus,Black_Thrush
Turdus plebejus,American_Mountain Thrush
Turdus grayi,Clay-coloured_Thrush
Turdus assimilis,White-throated_Thrush
Turdus migratorius,American_Robin
Turdus rufitorques,Rufous-collared_Robin
Muscicapa sibirica,Dark-sided_Flycatcher
Muscicapa dauurica,Asian_Brown Flycatcher
Ficedula narcissina,Narcissus_Flycatcher
Luscinia svecica,Bluethroat_Tarsiger cyanurus,Orange-flanked_Bush-robin
Saxicola torquatus,Common_Stonechat
Oenanthe oenanthe,Northern_Wheatear
Sturnus vulgaris,Common_Starling
Dumetella carolinensis,Grey_Catbird
Melanoptila glabrirostris,Black_Catbird
Melanotis caerulescens,Blue_Mockingbird
Melanotis hypoleucus,Blue-and-white_Mockingbird
Mimus polyglottos,Northern_Mockingbird
Mimus gilvus,Tropical_Mockingbird
Mimus gundlachii,Bahama_Mockingbird
Mimus graysoni,Socorro_Mockingbird
Oreoscoptes montanus,Sage_Thrasher
Toxostoma rufum,Brown_Thrasher
Toxostoma longirostre,Long-billed_Thrasher
Toxostoma guttatum,Cozumel_Thrasher
Toxostoma bendirei,Bendire's_Thrasher
Toxostoma cinereum,Grey_Thrasher
Toxostoma curvirostre,Curve-billed_Thrasher
Toxostoma ocellatum,Ocellated_Thrasher
Toxostoma lecontei,Le_Conte's Thrasher
Toxostoma redivivum,California_Thrasher
Toxostoma crissale,Crissal_Thrasher
Sitta pygmaea,Pygmy_Nuthatch
Sitta pusilla,Brown-headed_Nuthatch
Sitta canadensis,Red-breasted_Nuthatch
Sitta carolinensis,White-breasted_Nuthatch
Certhia americana,American_Treecreeper
Campylorhynchus gularis,Spotted_Wren
Campylorhynchus brunneicapillus,Cactus_Wren
Campylorhynchus jocosus,Boucard's_Wren
Campylorhynchus yucatanicus,Yucatan_Wren
Campylorhynchus chiapensis,Giant_Wren
Campylorhynchus rufinucha,Rufous-naped_Wren
Campylorhynchus megalopterus,Grey-barred_Wren
Campylorhynchus zonatus,Band-backed_Wren
Salpinctes obsoletus,Rock_Wren
Catherpes mexicanus,Canyon_Wren
Hylorchilus sumichrasti,Sumichrast's_Wren
Hylorchilus navai,Nava's_Wren
Cistothorus platensis,Sedge_Wren
Cistothorus palustris,Marsh_Wren
Thryomanes bewickii,Bewick's_Wren
Troglodytes sissonii,Socorro_Wren
Thryothorus felix,Happy_Wren
Thryothorus maculipectus,Spot-breasted_Wren
Thryothorus pleurostictus,Banded_Wren
Thryothorus ludovicianus,Carolina_Wren
Thryothorus rufalbus,Rufous-and-white_Wren
Thryothorus sinaloa,Sinaloa_Wren
Thryothorus modestus,Plain_Wren
Troglodytes troglodytes,Winter_Wren
Troglodytes aedon,House_Wren
Troglodytes tanneri,Clarion_Wren
Troglodytes rufociliatus,Rufous-browed_Wren
Uropsila leucogastra,White-bellied_Wren
Henicorhina leucosticta,White-breasted_Wood-wren
Henicorhina leucophrys,Grey-breasted_Wood-wren
Microcerculus philomela,Northern_Nightingale-wren
Auriparus flaviceps,Verdin_Ramphocaenus melanurus,Long-billed_Gnatwren
Polioptila caerulea,Blue-grey_Gnatcatcher
Polioptila californica,California_Gnatcatcher
Polioptila melanura,Black-tailed_Gnatcatcher
Polioptila nigriceps,Black-capped_Gnatcatcher
Polioptila albiloris,White-lored_Gnatcatcher
Polioptila plumbea,Tropical_Gnatcatcher
Parus carolinensis,Carolina_Chickadee
Parus atricapillus,Black-capped_Chickadee
Parus gambeli,Mountain_Chickadee
Parus sclateri,Mexican_Chickadee
Parus cinctus,Siberian_Tit
Parus hudsonicus,Boreal_Chickadee
Parus rufescens,Chestnut-backed_Chickadee
Baeolophus wollweberi,Bridled_Titmouse
Baeolophus inornatus,Oak_Titmouse
Baeolophus bicolor,Tufted_Titmouse
Baeolophus atricristatus,Black-crested_Titmouse
Psaltriparus minimus,Bushtit_Tachycineta bicolor,Tree_Swallow
Tachycineta thalassina,Violet-green_Swallow
Tachycineta cyaneoviridis,Bahama_Swallow
Progne tapera,Brown-chested_Martin
Progne subis,Purple_Martin
Progne cryptoleuca,Cuban_Martin
Progne dominicensis,Caribbean_Martin
Progne sinaloae,Sinaloa_Martin
Progne chalybea,Grey-breasted_Martin
Notiochelidon pileata,Black-capped_Swallow
Riparia riparia,Sand_Martin
Hirundo rustica,Barn_Swallow
Petrochelidon pyrrhonota,Cliff_Swallow
Petrochelidon fulva,Cave_Swallow
Regulus calendula,Ruby-crowned_Kinglet
Regulus satrapa,Golden-crowned_Kinglet
Locustella lanceolata,Lanceolated_Warbler
Locustella ochotensis,Middendorff's_Grasshopper-warbler
Acrocephalus familiaris,Millerbird_Phylloscopus sibilatrix,Wood_Warbler
Phylloscopus borealis,Arctic_Warbler
Chamaea fasciata,Wrentit_Eremophila alpestris,Horned_Lark
Passer montanus,Eurasian_Tree Sparrow
Motacilla alba,White_Wagtail
Motacilla citreola,Citrine_Wagtail
Motacilla flava,Yellow_Wagtail
Motacilla cinerea,Grey_Wagtail
Anthus trivialis,Tree_Pipit
Anthus gustavi,Pechora_Pipit
Anthus cervinus,Red-throated_Pipit
Anthus rubescens,American_Pipit
Anthus spragueii,Sprague's_Pipit
Prunella montanella,Siberian_Accentor
Estrilda caerulescens,Lavender_Waxbill
Estrilda troglodytes,Black-rumped_Waxbill
Peucedramus taeniatus,Olive_Warbler
Carduelis sinica,Grey-capped_Greenfinch
Carduelis spinus,Eurasian_Siskin
Carduelis pinus,Pine_Siskin
Carduelis atriceps,Black-capped_Siskin
Carduelis notata,Black-headed_Siskin
Carduelis tristis,American_Goldfinch
Carduelis psaltria,Lesser_Goldfinch
Carduelis lawrencei,Lawrence's_Goldfinch
Leucosticte tephrocotis,Gray-crowned_Rosy-finch
Leucosticte atrata,Black_Rosy-finch
Carpodacus purpureus,Purple_Finch
Carpodacus erythrinus,Common_Rosefinch
Carpodacus cassinii,Cassin's_Finch
Carpodacus mexicanus,House_Finch
Pinicola enucleator,Pine_Grosbeak
Loxia curvirostra,Red_Crossbill
Pyrrhula pyrrhula,Eurasian_Bullfinch
Coccothraustes vespertinus,Evening_Grosbeak
Coccothraustes abeillei,Hooded_Grosbeak
Telespiza ultima,Nihoa_Finch
Telespiza cantans,Laysan_Finch
Psittirostra psittacea,Ou_Dysmorodrepanis munroi,Lanai_Hookbill
Loxioides bailleui,Palila_Rhodacanthis flaviceps,Lesser_Koa-finch
Rhodacanthis palmeri,Greater_Koa-finch
Pseudonestor xanthophrys,Maui_Parrotbill
Hemignathus kauaiensis,Kauai_Amakihi
Hemignathus virens,Common_Amakihi
Hemignathus parvus,Anianiau_Hemignathus sagittirostris,Greater_Amakihi
Hemignathus lucidus,Nukupuu_Hemignathus munroi,Akiapolaau_Oreomystis bairdi,Akikiki_Oreomystis mana,Hawaii_Creeper
Paroreomyza montana,Maui_Alauahio
Paroreomyza flammea,Kakawahie_Paroreomyza maculata,Oahu_Alauahio
Loxops caeruleirostris,Akekee_Loxops coccineus,Akepa_Ciridops anna,Ula-ai-hawane_Vestiaria coccinea,Iiwi_Drepanis pacifica,Hawaii_Mamo
Drepanis funerea,Black_Mamo
Palmeria dolei,Akohekohe_Himatione sanguinea,Apapane_Melamprosops phaeosoma,Poo-uli_Emberiza leucocephalos,Pine_Bunting
Emberiza pusilla,Little_Bunting
Emberiza variabilis,Grey_Bunting
Emberiza pallasi,Pallas's_Bunting
Emberiza schoeniclus,Reed_Bunting
Rhynchophanes mccownii,McCown's_Longspur
Calcarius lapponicus,Lapland_Longspur
Calcarius pictus,Smith's_Longspur
Calcarius ornatus,Chestnut-collared_Longspur
Plectrophenax nivalis,Snow_Bunting
Plectrophenax hyperboreus,McKay's_Bunting
Calamospiza melanocorys,Lark_Bunting
Passerella iliaca,Fox_Sparrow
Melospiza melodia,Song_Sparrow
Melospiza lincolnii,Lincoln's_Sparrow
Melospiza georgiana,Swamp_Sparrow
Zonotrichia capensis,Rufous-collared_Sparrow
Zonotrichia querula,Harris's_Sparrow
Zonotrichia albicollis,White-throated_Sparrow
Zonotrichia leucophrys,White-crowned_Sparrow
Zonotrichia atricapilla,Golden-crowned_Sparrow
Junco phaeonotus,Yellow-eyed_Junco
Passerculus sandwichensis,Savannah_Sparrow
Ammodramus maritimus,Seaside_Sparrow
Ammodramus caudacutus,Saltmarsh_Sparrow
Ammodramus leconteii,Le_Conte's Sparrow
Ammodramus henslowii,Henslow's_Sparrow
Ammodramus bairdii,Baird's_Sparrow
Ammodramus savannarum,Grasshopper_Sparrow
Xenospiza baileyi,Sierra_Madre Sparrow
Spizella arborea,American_Tree Sparrow
Spizella passerina,Chipping_Sparrow
Spizella pallida,Clay-coloured_Sparrow
Spizella pusilla,Field_Sparrow
Spizella wortheni,Worthen's_Sparrow
Spizella atrogularis,Black-chinned_Sparrow
Pooecetes gramineus,Vesper_Sparrow
Chondestes grammacus,Lark_Sparrow
Amphispiza bilineata,Black-throated_Sparrow
Amphispiza belli,Sage_Sparrow
Amphispiza quinquestriata,Five-striped_Sparrow
Peucaea mystacalis,Bridled_Sparrow
Peucaea humeralis,Black-chested_Sparrow
Peucaea ruficauda,Stripe-headed_Sparrow
Peucaea sumichrasti,Cinnamon-tailed_Sparrow
Peucaea aestivalis,Bachman's_Sparrow
Peucaea botterii,Botteri's_Sparrow
Peucaea cassinii,Cassin's_Sparrow
Peucaea carpalis,Rufous-winged_Sparrow
Aimophila ruficeps,Rufous-crowned_Sparrow
Aimophila notosticta,Oaxaca_Sparrow
Aimophila rufescens,Rusty_Sparrow
Oriturus superciliosus,Striped_Sparrow
Pipilo chlorurus,Green-tailed_Towhee
Pipilo ocai,Collared_Towhee
Pipilo erythrophthalmus,Eastern_Towhee
Melozone aberti,Abert's_Towhee
Melozone crissalis,California_Towhee
Melozone fuscus,Canyon_Towhee
Melozone albicollis,White-throated_Towhee
Melozone kieneri,Rusty-crowned_Ground-sparrow
Melozone biarcuata,Prevost's_Ground-sparrow
Melozone leucotis,White-eared_Ground-sparrow
Arremon aurantiirostris,Orange-billed_Sparrow
Arremonops rufivirgatus,Olive_Sparrow
Arremonops chloronotus,Green-backed_Sparrow
Atlapetes pileatus,Rufous-capped_Brush-finch
Arremon brunneinucha,Chestnut-capped_Brush-finch
Arremon virenticeps,Green-striped_Brush-finch
Paroaria capitata,Yellow-billed_Cardinal
Vermivora bachmanii,Bachman's_Warbler
Vermivora cyanoptera,Blue-winged_Warbler
Vermivora chrysoptera,Golden-winged_Warbler
Vermivora peregrina,Tennessee_Warbler
Vermivora celata,Orange-crowned_Warbler
Vermivora ruficapilla,Nashville_Warbler
Vermivora virginiae,Virginia's_Warbler
Vermivora crissalis,Colima_Warbler
Vermivora luciae,Lucy's_Warbler
Parula americana,Northern_Parula
Parula pitiayumi,Tropical_Parula
Parula superciliosa,Crescent-chested_Warbler
Dendroica petechia,Yellow_Warbler
Dendroica pensylvanica,Chestnut-sided_Warbler
Dendroica magnolia,Magnolia_Warbler
Dendroica tigrina,Cape_May Warbler
Dendroica caerulescens,Black-throated_Blue Warbler
Dendroica coronata,Yellow-rumped_Warbler
Dendroica nigrescens,Black-throated_Grey Warbler
Dendroica townsendi,Townsend's_Warbler
Dendroica occidentalis,Hermit_Warbler
Dendroica virens,Black-throated_Green Warbler
Dendroica chrysoparia,Golden-cheeked_Warbler
Dendroica fusca,Blackburnian_Warbler
Dendroica graciae,Grace's_Warbler
Dendroica pinus,Pine_Warbler
Dendroica kirtlandii,Kirtland's_Warbler
Dendroica discolor,Prairie_Warbler
Dendroica palmarum,Palm_Warbler
Dendroica castanea,Bay-breasted_Warbler
Dendroica striata,Blackpoll_Warbler
Dendroica cerulea,Cerulean_Warbler
Mniotilta varia,Black-and-white_Warbler
Setophaga ruticilla,American_Redstart
Protonotaria citrea,Prothonotary_Warbler
Helmitheros vermivorum,Worm-eating_Warbler
Limnothlypis swainsonii,Swainson's_Warbler
Seiurus aurocapilla,Ovenbird_Parkesia noveboracensis,Northern_Waterthrush
Parkesia motacilla,Louisiana_Waterthrush
Oporornis formosus,Kentucky_Warbler
Oporornis agilis,Connecticut_Warbler
Oporornis philadelphia,Mourning_Warbler
Oporornis tolmiei,MacGillivray's_Warbler
Geothlypis trichas,Common_Yellowthroat
Geothlypis beldingi,Belding's_Yellowthroat
Geothlypis flavovelata,Altamira_Yellowthroat
Geothlypis semiflava,Olive-crowned_Yellowthroat
Geothlypis speciosa,Black-polled_Yellowthroat
Geothlypis nelsoni,Hooded_Yellowthroat
Geothlypis poliocephala,Grey-crowned_Yellowthroat
Wilsonia citrina,Hooded_Warbler
Wilsonia pusilla,Wilson's_Warbler
Wilsonia canadensis,Canada_Warbler
Cardellina rubrifrons,Red-faced_Warbler
Ergaticus ruber,Red_Warbler
Ergaticus versicolor,Pink-headed_Warbler
Myioborus pictus,Painted_Redstart
Myioborus miniatus,Slate-throated_Redstart
Euthlypis lachrymosa,Fan-tailed_Warbler
Basileuterus culicivorus,Golden-crowned_Warbler
Basileuterus rufifrons,Rufous-capped_Warbler
Basileuterus belli,Golden-browed_Warbler
Icteria virens,Yellow-breasted_Chat
Granatellus venustus,Red-breasted_Chat
Granatellus sallaei,Grey-throated_Chat
Coereba flaveola,Bananaquit_Chlorospingus ophthalmicus,Common_Bush-tanager
Rhodinocichla rosea,Rosy_Thrush-tanager
Eucometis penicillata,Grey-headed_Tanager
Lanio aurantius,Black-throated_Shrike-tanager
Habia rubica,Red-crowned_Ant-tanager
Habia fuscicauda,Red-throated_Ant-tanager
Piranga bidentata,Flame-coloured_Tanager
Piranga flava,Hepatic_Tanager
Piranga rubra,Summer_Tanager
Piranga roseogularis,Rose-throated_Tanager
Piranga olivacea,Scarlet_Tanager
Piranga ludoviciana,Western_Tanager
Piranga leucoptera,White-winged_Tanager
Piranga erythrocephala,Red-headed_Tanager
Ramphocelus sanguinolentus,Crimson-collared_Tanager
Ramphocelus passerinii,Scarlet-rumped_Tanager
Spindalis zena,Western_Spindalis
Thraupis episcopus,Blue-grey_Tanager
Thraupis abbas,Yellow-winged_Tanager
Euphonia affinis,Scrub_Euphonia
Euphonia hirundinacea,Yellow-throated_Euphonia
Euphonia elegantissima,Blue-rumped_Euphonia
Euphonia gouldi,Olive-backed_Euphonia
Euphonia minuta,White-vented_Euphonia
Chlorophonia occipitalis,Blue-crowned_Chlorophonia
Tangara cabanisi,Azure-rumped_Tanager
Tangara larvata,Golden-hooded_Tanager
Chlorophanes spiza,Green_Honeycreeper
Cyanerpes lucidus,Shining_Honeycreeper
Cyanerpes caeruleus,Purple_Honeycreeper
Cyanerpes cyaneus,Red-legged_Honeycreeper
Haplospiza rustica,Slaty_Finch
Volatinia jacarina,Blue-black_Grassquit
Sporophila torqueola,White-collared_Seedeater
Sporophila minuta,Ruddy-breasted_Seedeater
Tiaris olivaceus,Yellow-faced_Grassquit
Tiaris bicolor,Black-faced_Grassquit
Diglossa baritula,Cinnamon-bellied_Flowerpiercer
Spiza americana,Dickcissel_Pheucticus chrysopeplus,Yellow_Grosbeak
Pheucticus ludovicianus,Rose-breasted_Grosbeak
Pheucticus melanocephalus,Black-headed_Grosbeak
Cardinalis cardinalis,Northern_Cardinal
Cardinalis sinuatus,Pyrrhuloxia_Caryothraustes poliogaster,Black-faced_Grosbeak
Rhodothraupis celaeno,Crimson-collared_Grosbeak
Saltator atriceps,Black-headed_Saltator
Saltator maximus,Buff-throated_Saltator
Saltator coerulescens,Greyish_Saltator
Cyanocompsa cyanoides,Blue-black_Grosbeak
Cyanocompsa parellina,Blue_Bunting
Passerina caerulea,Blue_Grosbeak
Passerina amoena,Lazuli_Bunting
Passerina cyanea,Indigo_Bunting
Passerina versicolor,Varied_Bunting
Passerina ciris,Painted_Bunting
Passerina rositae,Rose-bellied_Bunting
Passerina leclancherii,Orange-breasted_Bunting
Psarocolius wagleri,Chestnut-headed_Oropendola
Psarocolius montezuma,Montezuma_Oropendola
Cacicus melanicterus,Yellow-winged_Cacique
Amblycercus holosericeus,Yellow-billed_Cacique
Icterus graduacauda,Audubon's_Oriole
Icterus chrysater,Yellow-backed_Oriole
Icterus auratus,Orange_Oriole
Icterus mesomelas,Yellow-tailed_Oriole
Icterus pectoralis,Spot-breasted_Oriole
Icterus gularis,Altamira_Oriole
Icterus pustulatus,Streak-backed_Oriole
Icterus galbula,Baltimore_Oriole
Icterus cucullatus,Hooded_Oriole
Icterus spurius,Orchard_Oriole
Icterus wagleri,Black-vented_Oriole
Icterus maculialatus,Bar-winged_Oriole
Icterus parisorum,Scott's_Oriole
Xanthocephalus xanthocephalus,Yellow-headed_Blackbird
Agelaius phoeniceus,Red-winged_Blackbird
Agelaius tricolor,Tricoloured_Blackbird
Agelaius humeralis,Tawny-shouldered_Blackbird
Sturnella neglecta,Western_Meadowlark
Dives dives,Melodious_Blackbird
Quiscalus mexicanus,Great-tailed_Grackle
Quiscalus major,Boat-tailed_Grackle
Quiscalus palustris,Slender-billed_Grackle
Quiscalus quiscula,Common_Grackle
Euphagus carolinus,Rusty_Blackbird
Euphagus cyanocephalus,Brewer's_Blackbird
Molothrus bonariensis,Shiny_Cowbird
Molothrus aeneus,Bronzed_Cowbird
Molothrus ater,Brown-headed_Cowbird
Molothrus oryzivorus,Giant_Cowbird
Dolichonyx oryzivorus,Bobolink_Chlorostilbon forficatus,Cozumel_Emerald
Glaucidium sanchezi,Tamaulipas_Pygmy-owl
Megascops seductus,Balsas_Screech-owl
Hemignathus flavus,Oahu_Amakihi
Ammodramus nelsoni,Nelson's_Sparrow
Catharus bicknelli,Bicknell's_Thrush
Centrocercus minimus,Gunnison_Sage-grouse
Chloridops kona,Kona_Grosbeak
Caracara lutosa,Guadalupe_Caracara
Hemignathus obscurus,Lesser_Akialoa
Loxia leucoptera,White-winged_Crossbill
Phalacrocorax pelagicus,Pelagic_Cormorant
Colinus virginianus,Northern_Bobwhite
Megascops cooperi,Pacific_Screech-owl
Leucosticte australis,Brown-capped_Rosy-finch
Sula granti,Nazca_Booby
Larus thayeri,Thayer's_Gull
Glaucidium griseiceps,Central_American Pygmy-owl
Glaucidium palmarum,Colima_Pygmy-owl
Chlorostilbon auriceps,Golden-crowned_Emerald
Picoides arizonae,Arizona_Woodpecker
Dendrocolaptes sanctithomae,Northern_Barred Woodcreeper
Oryzoborus funereus,Thick-billed_Seed-finch
Pipilo maculatus,Spotted_Towhee
Icterus bullockii,Bullock's_Oriole
Icterus abeillei,Black-backed_Oriole
Hemignathus ellisianus,Greater_Akialoa
Baeolophus ridgwayi,Juniper_Titmouse
Onychorhynchus mexicanus,Northern_Royal Flycatcher
Megascops guatemalae,Vermiculated_Screech-owl
Phoenicopterus ruber,American_Flamingo
Anas crecca,Common_Teal
Gallinago gallinago,Common_Snipe
Phaethornis longirostris,Long-billed_Hermit
Phaethornis striigularis,Stripe-throated_Hermit
Amazilia tzacatl,Rufous-tailed_Hummingbird
Momotus momota,Blue-crowned_Motmot
Lanius excubitor,Great_Grey Shrike
Amaurospiza concolor,Blue_Seedeater
Icterus prosthemelas,Black-cowled_Oriole
Myiobius sulphureipygius,Sulphur-rumped_Flycatcher
Melanitta americana,Black_Scoter
Picoides dorsalis,American_Three-toed Woodpecker
Branta hutchinsii,Cackling_Goose
Tachycineta albilinea,Mangrove_Swallow
Lepidocolaptes affinis,Spot-crowned_Woodcreeper
Notharchus hyperrhynchus,White-necked_Puffbird
Chaetura vauxi,Vaux's_Swift
Sporophila corvina,Variable_Seedeater
Zenaida asiatica,White-winged_Dove
Pelecanus occidentalis,Brown_Pelican
Atlapetes albinucha,White-naped_Brush-finch
Accipiter striatus,Sharp-shinned_Hawk
Melanitta deglandi,American_White-winged Scoter
Turdus rufopalliatus,Rufous-backed_Robin
Oceanodroma castro,Madeiran_Storm-petrel
Sula dactylatra,Masked_Booby
Trogon caligatus,Gartered_Trogon
Buteo nitidus,Grey_Hawk
Dendragapus obscurus,Dusky_Grouse
Dendragapus fuliginosus,Sooty_Grouse
Spizella breweri,Brewer's_Sparrow
Aratinga holochlora,Green_Parakeet
Junco hyemalis,Dark-eyed_Junco
Vireo gilvus,Warbling_Vireo
Stelgidopteryx serripennis,Northern_Rough-winged Swallow
Pteroglossus torquatus,Collared_Aracari
Himantopus mexicanus,Black-necked_Stilt
Glaucidium gnoma,Northern_Pygmy-owl
Sicalis luteola,Grassland_Yellow-finch
Sturnella magna,Eastern_Meadowlark
Buteogallus anthracinus,Common_Black-hawk
Egretta garzetta,Little_Egret
Automolus rubiginosus,Ruddy_Foliage-gleaner
Caprimulgus vociferus,Eastern_Whip-poor-will
Caprimulgus arizonae,Mexican_Whip-poor-will
Chasiempis ibidis,Oahu_Elepaio
Chasiempis sclateri,Kauai_Elepaio
Chasiempis sandwichensis,Hawaii_Elepaio
Carduelis flammea,Common_Redpoll
Dendroica dominica,Yellow-throated_Warbler
Aphelocoma wollweberi,Mexican_Jay
Aphelocoma ultramarina,Transvolcanic_Jay
Buteo rufinus,Long-legged_Buzzard