Melozone aberti,Abert's_Towhee
Empidonax virescens,Acadian_Flycatcher
Melanerpes formicivorus,Acorn_Woodpecker
Agamia agami,Agami_Heron
Empidonax alnorum,Alder_Flycatcher
Sterna aleutica,Aleutian_Tern
Chloroceryle amazona,Amazon_Kingfisher
Recurvirostra americana,American_Avocet
Botaurus lentiginosus,American_Bittern
Fulica americana,American_Coot
Corvus brachyrhynchos,American_Crow
Cinclus mexicanus,American_Dipper
Carduelis tristis,American_Goldfinch
Falco sparverius,American_Kestrel
Haematopus palliatus,American_Oystercatcher
Turdus migratorius,American_Robin
Anas americana,American_Wigeon
Scolopax minor,American_Woodcock
Synthliboramphus antiquus,Ancient_Murrelet
Calypte anna,Anna's_Hummingbird
Chordeiles gundlachii,Antillean_Nighthawk
Falco femoralis,Aplomado_Falcon
Gavia arctica,Arctic_Loon
Sterna paradisaea,Arctic_Tern
Phylloscopus borealis,Arctic_Warbler
Myiarchus cinerascens,Ash-throated_Flycatcher
Oceanodroma homochroa,Ashy_Storm-petrel
Fratercula arctica,Atlantic_Puffin
Puffinus lherminieri,Audubon's_Shearwater
Zoothera pinicola,Aztec_Thrush
Porphyrio flavirostris,Azure_Gallinule
Amazilia cyanocephala,Azure-crowned_Hummingbird
Cyanolyca cucullata,Azure-hooded_Jay
Peucaea aestivalis,Bachman's_Sparrow
Vermivora bachmanii,Bachman's_Warbler
Mimus gundlachii,Bahama_Mockingbird
Tachycineta cyaneoviridis,Bahama_Swallow
Calliphlox evelynae,Bahama_Woodstar
Calidris bairdii,Baird's_Sandpiper
Ammodramus bairdii,Baird's_Sparrow
Haliaeetus leucocephalus,Bald_Eagle
Campylorhynchus zonatus,Band-backed_Wren
Patagioenas fasciata,Band-tailed_Pigeon
Philortyx fasciatus,Banded_Quail
Thryothorus pleurostictus,Banded_Wren
Limosa lapponica,Bar-tailed_Godwit
Tyto alba,Barn_Owl
Hirundo rustica,Barn_Swallow
Thamnophilus doliatus,Barred_Antshrike
Strix varia,Barred_Owl
Bolborhynchus lineola,Barred_Parakeet
Bucephala islandica,Barrow's_Goldeneye
Anser fabalis,Bean_Goose
Dendrortyx barbatus,Bearded_Wood-partridge
Vireo bellii,Bell's_Vireo
Xenotriccus callizonus,Belted_Flycatcher
Megaceryle alcyon,Belted_Kingfisher
Toxostoma bendirei,Bendire's_Thrasher
Pterodroma cahow,Bermuda_Petrel
Amazilia beryllina,Berylline_Hummingbird
Thryomanes bewickii,Bewick's_Wren
Accipiter bicolor,Bicoloured_Hawk
Cepphus grylle,Black_Guillemot
Spizaetus tyrannus,Black_Hawk-eagle
Anous minutus,Black_Noddy
Haematopus bachmani,Black_Oystercatcher
Sayornis nigricans,Black_Phoebe
Laterallus jamaicensis,Black_Rail
Rynchops niger,Black_Skimmer
Oceanodroma melania,Black_Storm-petrel
Chlidonias niger,Black_Tern
Arenaria melanocephala,Black_Turnstone
Coragyps atratus,Black_Vulture
Spizaetus melanoleucus,Black-and-white_Hawk-eagle
Strix nigrolineata,Black-and-white_Owl
Picoides arcticus,Black-backed_Woodpecker
Dendrocolaptes picumnus,Black-banded_Woodcreeper
Coccyzus erythropthalmus,Black-billed_Cuckoo
Pica pica,Black-billed_Magpie
Parus atricapillus,Black-capped_Chickadee
Pterodroma hasitata,Black-capped_Petrel
Carduelis atriceps,Black-capped_Siskin
Notiochelidon pileata,Black-capped_Swallow
Vireo atricapilla,Black-capped_Vireo
Melanerpes pucherani,Black-cheeked_Woodpecker
Peucaea humeralis,Black-chested_Sparrow
Archilochus alexandri,Black-chinned_Hummingbird
Busarellus nigricollis,Black-collared_Hawk
Baeolophus atricristatus,Black-crested_Titmouse
Tityra inquisitor,Black-crowned_Tityra
Formicarius analis,Black-faced_Antthrush
Phoebastria nigripes,Black-footed_Albatross
Larus ridibundus,Black-headed_Gull
Catharus mexicanus,Black-headed_Nightingale-thrush
Carduelis notata,Black-headed_Siskin
Trogon melanocephalus,Black-headed_Trogon
Rissa tridactyla,Black-legged_Kittiwake
Podiceps nigricollis,Black-necked_Grebe
Estrilda troglodytes,Black-rumped_Waxbill
Polioptila melanura,Black-tailed_Gnatcatcher
Cyanolyca pumilo,Black-throated_Jay
Calocitta colliei,Black-throated_Magpie-jay
Puffinus opisthomelas,Black-vented_Shearwater
Vireo altiloquus,Black-whiskered_Vireo
Dendroica fusca,Blackburnian_Warbler
Cyanocitta cristata,Blue_Jay
Melanotis hypoleucus,Blue-and-white_Mockingbird
Eupherusa cyanophrys,Blue-capped_Hummingbird
Thalurania colombica,Blue-crowned_Woodnymph
Sula nebouxii,Blue-footed_Booby
Vireo solitarius,Blue-headed_Vireo
Amazilia cyanura,Blue-tailed_Hummingbird
Lampornis clemenciae,Blue-throated_Hummingbird
Anas discors,Blue-winged_Teal
Vermivora cyanoptera,Blue-winged_Warbler
Cochlearius cochlearius,Boat-billed_Heron
Larus philadelphia,Bonaparte's_Gull
Pterodroma hypoleuca,Bonin_Petrel
Parus hudsonicus,Boreal_Chickadee
Peucaea botterii,Botteri's_Sparrow
Campylorhynchus jocosus,Boucard's_Wren
Branta bernicla,Brent_Goose
Peucaea mystacalis,Bridled_Sparrow
Sterna anaethetus,Bridled_Tern
Attila spadiceus,Bright-rumped_Attila
Cynanthus latirostris,Broad-billed_Hummingbird
Selasphorus platycercus,Broad-tailed_Hummingbird
Buteo platypterus,Broad-winged_Hawk
Sula leucogaster,Brown_Booby
Psilorhinus morio,Brown_Jay
Anous stolidus,Brown_Noddy
Toxostoma rufum,Brown_Thrasher
Myadestes occidentalis,Brown-backed_Solitaire
Progne tapera,Brown-chested_Martin
Myiarchus tyrannulus,Brown-crested_Flycatcher
Sitta pusilla,Brown-headed_Nuthatch
Pyrilia haematotis,Brown-hooded_Parrot
Amazilia yucatanensis,Buff-bellied_Hummingbird
Empidonax fulvifrons,Buff-breasted_Flycatcher
Tryngites subruficollis,Buff-breasted_Sandpiper
Caprimulgus ridgwayi,Buff-collared_Nightjar
Dendrortyx leucophrys,Buffy-crowned_Wood-partridge
Bulweria bulwerii,Bulwer's_Petrel
Athene cunicularia,Burrowing_Owl
Campylorhynchus brunneicapillus,Cactus_Wren
Gymnogyps californianus,California_Condor
Polioptila californica,California_Gnatcatcher
Larus californicus,California_Gull
Callipepla californica,California_Quail
Toxostoma redivivum,California_Thrasher
Melozone crissalis,California_Towhee
Stellula calliope,Calliope_Hummingbird
Branta canadensis,Canada_Goose
Melozone fuscus,Canyon_Towhee
Catherpes mexicanus,Canyon_Wren
Leptotila jamaicensis,Caribbean_Dove
Parus carolinensis,Carolina_Chickadee
Conuropsis carolinensis,Carolina_Parakeet
Thryothorus ludovicianus,Carolina_Wren
Sterna caspia,Caspian_Tern
Ptychoramphus aleuticus,Cassin's_Auklet
Carpodacus cassinii,Cassin's_Finch
Tyrannus vociferans,Cassin's_Kingbird
Peucaea cassinii,Cassin's_Sparrow
Vireo cassinii,Cassin's_Vireo
Bubulcus ibis,Cattle_Egret
Petrochelidon fulva,Cave_Swallow
Bombycilla cedrorum,Cedar_Waxwing
Parus rufescens,Chestnut-backed_Chickadee
Arremon brunneinucha,Chestnut-capped_Brush-finch
Calcarius ornatus,Chestnut-collared_Longspur
Celeus castaneus,Chestnut-coloured_Woodpecker
Dendroica pensylvanica,Chestnut-sided_Warbler
Corvus cryptoleucus,Chihuahuan_Raven
Chaetura pelagica,Chimney_Swift
Spizella passerina,Chipping_Sparrow
Pachyramphus cinnamomeus,Cinnamon_Becard
Amazilia rutila,Cinnamon_Hummingbird
Anas cyanoptera,Cinnamon_Teal
Peucaea sumichrasti,Cinnamon-tailed_Sparrow
Trogon citreolus,Citreoline_Trogon
Motacilla citreola,Citrine_Wagtail
Rallus longirostris,Clapper_Rail
Nucifraga columbiana,Clark's_Nutcracker
Spizella pallida,Clay-coloured_Sparrow
Petrochelidon pyrrhonota,Cliff_Swallow
Charadrius collaris,Collared_Plover
Trogon collaris,Collared_Trogon
Grus grus,Common_Crane
Somateria mollissima,Common_Eider
Bucephala clangula,Common_Goldeneye
Tringa nebularia,Common_Greenshank
Uria aalge,Common_Guillemot
Gavia immer,Common_Loon
Mergus merganser,Common_Merganser
Gallinula chloropus,Common_Moorhen
Chordeiles minor,Common_Nighthawk
Phalaenoptilus nuttallii,Common_Poorwill
Corvus corax,Common_Raven
Carpodacus erythrinus,Common_Rosefinch
Sturnus vulgaris,Common_Starling
Saxicola torquatus,Common_Stonechat
Sterna hirundo,Common_Tern
Pterodroma cookii,Cook's_Petrel
Accipiter cooperii,Cooper's_Hawk
Empidonax occidentalis,Cordilleran_Flycatcher
Calonectris diomedea,Cory's_Shearwater
Calypte costae,Costa's_Hummingbird
Vireo bairdi,Cozumel_Vireo
Geranospiza caerulescens,Crane_Hawk
Synthliboramphus craveri,Craveri's_Murrelet
Aethia cristatella,Crested_Auklet
Caracara cheriway,Crested_Caracara
Morphnus guianensis,Crested_Eagle
Penelope purpurascens,Crested_Guan
Lophostrix cristata,Crested_Owl
Toxostoma crissale,Crissal_Thrasher
Toxostoma curvirostre,Curve-billed_Thrasher
Muscicapa sibirica,Dark-sided_Flycatcher
Microrhopias quixensis,Dot-winged_Antwren
Phalacrocorax auritus,Double-crested_Cormorant
Burhinus bistriatus,Double-striped_Thick-knee
Harpagus bidentatus,Double-toothed_Kite
Picoides pubescens,Downy_Woodpecker
Cercomacra tyrannina,Dusky_Antbird
Cynanthus sordidus,Dusky_Hummingbird
Turdus naumanni,Dusky_Thrush
Cyanolyca nana,Dwarf_Jay
Vireo nelsoni,Dwarf_Vireo
Nyctiphrynus mcleodii,Eared_Poorwill
Euptilotis neoxenus,Eared_Quetzal
Sialia sialis,Eastern_Bluebird
Tyrannus tyrannus,Eastern_Kingbird
Sayornis phoebe,Eastern_Phoebe
Pipilo erythrophthalmus,Eastern_Towhee
Callipepla douglasii,Elegant_Quail
Sterna elegans,Elegant_Tern
Micrathene whitneyi,Elf_Owl
Aulacorhynchus prasinus,Emerald_Toucanet
Abeillia abeillei,Emerald-chinned_Hummingbird
Chen canagica,Emperor_Goose
Numenius borealis,Eskimo_Curlew
Pyrrhula pyrrhula,Eurasian_Bullfinch
Eudromias morinellus,Eurasian_Dotterel
Carduelis spinus,Eurasian_Siskin
Jynx torquilla,Eurasian_Wryneck
Coccothraustes vespertinus,Evening_Grosbeak
Rhynchocyclus brevirostris,Eye-ringed_Flatbill
Turdus obscurus,Eyebrowed_Thrush
Pterodroma feae,Fea's_Petrel
Buteo regalis,Ferruginous_Hawk
Glaucidium brasilianum,Ferruginous_Pygmy-owl
Spizella pusilla,Field_Sparrow
Corvus ossifragus,Fish_Crow
Amphispiza quinquestriata,Five-striped_Sparrow
Deltarhynchus flammulatus,Flammulated_Flycatcher
Otus flammeolus,Flammulated_Owl
Puffinus carneipes,Flesh-footed_Shearwater
Tyrannus savana,Fork-tailed_Flycatcher
Oceanodroma furcata,Fork-tailed_Storm-petrel
Sterna forsteri,Forster's_Tern
Passerella iliaca,Fox_Sparrow
Larus pipixcan,Franklin's_Gull
Strix fulvescens,Fulvous_Owl
Pterodroma phaeopygia,Galapagos_Petrel
Callipepla gambelii,Gambel's_Quail
Lamprolaima rhami,Garnet-throated_Hummingbird
Melanerpes uropygialis,Gila_Woodpecker
Colaptes chrysoides,Gilded_Flicker
Larus hyperboreus,Glaucous_Gull
Larus glaucescens,Glaucous-winged_Gull
Plegadis falcinellus,Glossy_Ibis
Aquila chrysaetos,Golden_Eagle
Vireo hypochryseus,Golden_Vireo
Melanerpes chrysogenys,Golden-cheeked_Woodpecker
Regulus satrapa,Golden-crowned_Kinglet
Zonotrichia atricapilla,Golden-crowned_Sparrow
Melanerpes aurifrons,Golden-fronted_Woodpecker
Colaptes rubiginosus,Golden-olive_Woodpecker
Vermivora chrysoptera,Golden-winged_Warbler
Dendroica graciae,Grace's_Warbler
Ammodramus savannarum,Grasshopper_Sparrow
Leucosticte tephrocotis,Gray-crowned_Rosy-finch
Taraba major,Great_Antshrike
Phalacrocorax carbo,Great_Cormorant
Crax rubra,Great_Curassow
Casmerodius albus,Great_Egret
Pitangus sulphuratus,Great_Kiskadee
Nyctibius grandis,Great_Potoo
Puffinus gravis,Great_Shearwater
Stercorarius skua,Great_Skua
Tinamus major,Great_Tinamou
Fregata minor,Greater_Frigatebird
Rhodacanthis palmeri,Greater_Koa-finch
Contopus pertinax,Greater_Pewee
Tympanuchus cupido,Greater_Prairie-chicken
Geococcyx californianus,Greater_Roadrunner
Centrocercus urophasianus,Greater_Sage-grouse
Aythya marila,Greater_Scaup
Tringa melanoleuca,Greater_Yellowlegs
Butorides virescens,Green_Heron
Cyanocorax yncas,Green_Jay
Chloroceryle americana,Green_Kingfisher
Colibri thalassinus,Green_Violet-ear
Arremonops chloronotus,Green-backed_Sparrow
Anthracothorax prevostii,Green-breasted_Mango
Amazilia viridifrons,Green-fronted_Hummingbird
Arremon virenticeps,Green-striped_Brush-finch
Pipilo chlorurus,Green-tailed_Towhee
Myiopagis viridicata,Greenish_Elaenia
Emberiza variabilis,Grey_Bunting
Empidonax wrightii,Grey_Flycatcher
Perisoreus canadensis,Grey_Jay
Tyrannus dominicensis,Grey_Kingbird
Perdix perdix,Grey_Partridge
Pluvialis squatarola,Grey_Plover
Motacilla cinerea,Grey_Wagtail
Campylorhynchus megalopterus,Grey-barred_Wren
Melanerpes hypopolius,Grey-breasted_Woodpecker
Carduelis sinica,Grey-capped_Greenfinch
Leptotila cassini,Grey-chested_Dove
Pachyramphus major,Grey-collared_Becard
Colaptes auricularis,Grey-crowned_Woodpecker
Aramides cajaneus,Grey-necked_Wood-rail
Heteroscelus brevipes,Grey-tailed_Tattler
Crotophaga sulcirostris,Groove-billed_Ani
Oceanodroma macrodactyla,Guadalupe_Storm-petrel
Sterna nilotica,Gull-billed_Tern
Falco rusticolus,Gyr_Falcon
Picoides villosus,Hairy_Woodpecker
Empidonax hammondii,Hammond's_Flycatcher
Thryothorus felix,Happy_Wren
Histrionicus histrionicus,Harlequin_Duck
Harpia harpyja,Harpy_Eagle
Parabuteo unicinctus,Harris's_Hawk
Zonotrichia querula,Harris's_Sparrow
Moho nobilis,Hawaii_Oo
Fulica alai,Hawaiian_Coot
Corvus hawaiiensis,Hawaiian_Crow
Branta sandvicensis,Hawaiian_Goose
Buteo solitarius,Hawaiian_Hawk
Pterodroma sandwichensis,Hawaiian_Petrel
Larus heermanni,Heermann's_Gull
Ammodramus henslowii,Henslow's_Sparrow
Catharus guttatus,Hermit_Thrush
Dendroica occidentalis,Hermit_Warbler
Larus argentatus,Herring_Gull
Penelopina nigra,Highland_Guan
Coccothraustes abeillei,Hooded_Grosbeak
Chondrohierax uncinatus,Hook-billed_Kite
Podiceps auritus,Horned_Grebe
Oreophasis derbianus,Horned_Guan
Fratercula corniculata,Horned_Puffin
Carpodacus mexicanus,House_Finch
Troglodytes aedon,House_Wren
Limosa haemastica,Hudsonian_Godwit
Vireo huttoni,Hutton's_Vireo
Larus glaucoides,Iceland_Gull
Campephilus imperialis,Imperial_Woodpecker
Columbina inca,Inca_Dove
Pagophila eburnea,Ivory_Gull
Campephilus principalis,Ivory-billed_Woodpecker
Moho braccatus,Kauai_Oo
Electron carinatum,Keel-billed_Motmot
Ramphastos sulfuratus,Keel-billed_Toucan
Larus dominicanus,Kelp_Gull
Charadrius alexandrinus,Kentish_Plover
Somateria spectabilis,King_Eider
Rallus elegans,King_Rail
Sarcoramphus papa,King_Vulture
Dendroica kirtlandii,Kirtland's_Warbler
Brachyramphus brevirostris,Kittlitz's_Murrelet
Camptorhynchus labradorius,Labrador_Duck
Picoides scalaris,Ladder-backed_Woodpecker
Locustella lanceolata,Lanceolated_Warbler
Calcarius lapponicus,Lapland_Longspur
Phaetusa simplex,Large-billed_Tern
Calamospiza melanocorys,Lark_Bunting
Chondestes grammacus,Lark_Sparrow
Herpetotheres cachinnans,Laughing_Falcon
Larus atricilla,Laughing_Gull
Estrilda caerulescens,Lavender_Waxbill
Carduelis lawrencei,Lawrence's_Goldfinch
Phoebastria immutabilis,Laysan_Albatross
Anas laysanensis,Laysan_Duck
Telespiza cantans,Laysan_Finch
Porzana palmeri,Laysan_Rail
Oceanodroma leucorhoa,Leach's_Storm-petrel
Aethia pusilla,Least_Auklet
Ixobrychus exilis,Least_Bittern
Empidonax minimus,Least_Flycatcher
Tachybaptus dominicus,Least_Grebe
Calidris minutilla,Least_Sandpiper
Halocyptena microsoma,Least_Storm-petrel
Sterna antillarum,Least_Tern
Fregata ariel,Lesser_Frigatebird
Carduelis psaltria,Lesser_Goldfinch
Chordeiles acutipennis,Lesser_Nighthawk
Geococcyx velox,Lesser_Roadrunner
Aythya affinis,Lesser_Scaup
Tringa flavipes,Lesser_Yellowlegs
Melanerpes lewis,Lewis's_Woodpecker
Amazona finschi,Lilac-crowned_Amazon
Melospiza lincolnii,Lincoln's_Sparrow
Dryocopus lineatus,Lineated_Woodpecker
Alle alle,Little_Auk
Emberiza pusilla,Little_Bunting
Larus minutus,Little_Gull
Crypturellus soui,Little_Tinamou
Tyrannus caudifasciatus,Loggerhead_Kingbird
Numenius americanus,Long-billed_Curlew
Limnodromus scolopaceus,Long-billed_Dowitcher
Heliomaster longirostris,Long-billed_Starthroat
Toxostoma longirostre,Long-billed_Thrasher
Asio otus,Long-eared_Owl
Clangula hyemalis,Long-tailed_Duck
Stercorarius longicaudus,Long-tailed_Jaeger
Chiroxiphia linearis,Long-tailed_Manakin
Campylopterus excellens,Long-tailed_Sabrewing
Dendrortyx macroura,Long-tailed_Wood-partridge
Calidris subminuta,Long-toed_Stint
Cotinga amabilis,Lovely_Cotinga
Eugenes fulgens,Magnificent_Hummingbird
Dendroica magnolia,Magnolia_Warbler
Coccyzus minor,Mangrove_Cuckoo
Vireo pallens,Mangrove_Vireo
Puffinus puffinus,Manx_Shearwater
Limosa fedoa,Marbled_Godwit
Brachyramphus marmoratus,Marbled_Murrelet
Rhynchopsitta terrisi,Maroon-fronted_Parrot
Cistothorus palustris,Marsh_Wren
Nomonyx dominicus,Masked_Duck
Paroreomyza montana,Maui_Alauahio
Pseudonestor xanthophrys,Maui_Parrotbill
Rhynchophanes mccownii,McCown's_Longspur
Amazona farinosa,Mealy_Amazon
Parus sclateri,Mexican_Chickadee
Forpus cyanopygius,Mexican_Parrotlet
Thalurania ridgwayi,Mexican_Woodnymph
Ara militaris,Military_Macaw
Ictinia mississippiensis,Mississippi_Kite
Cyrtonyx montezumae,Montezuma_Quail
Anas fulvigula,Mottled_Duck
Pterodroma inexpectata,Mottled_Petrel
Sialia currucoides,Mountain_Bluebird
Parus gambeli,Mountain_Chickadee
Charadrius montanus,Mountain_Plover
Oreortyx pictus,Mountain_Quail
Zenaida macroura,Mourning_Dove
Cairina moschata,Muscovy_Duck
Ficedula narcissina,Narcissus_Flycatcher
Vermivora ruficapilla,Nashville_Warbler
Phalacrocorax brasilianus,Neotropic_Cormorant
Puffinus newelli,Newell's_Shearwater
Telespiza ultima,Nihoa_Finch
Camptostoma imberbe,Northern_Beardless-tyrannulet
Oncostoma cinereigulare,Northern_Bentbill
Colaptes auratus,Northern_Flicker
Fulmarus glacialis,Northern_Fulmar
Morus bassanus,Northern_Gannet
Accipiter gentilis,Northern_Goshawk
Circus cyaneus,Northern_Harrier
Jacana spinosa,Northern_Jacana
Mimus polyglottos,Northern_Mockingbird
Parula americana,Northern_Parula
Anas acuta,Northern_Pintail
Nyctibius jamaicensis,Northern_Potoo
Anas clypeata,Northern_Shoveler
Oenanthe oenanthe,Northern_Wheatear
Picoides nuttallii,Nuttall's_Woodpecker
Myiarchus nuttingi,Nutting's_Flycatcher
Moho apicalis,Oahu_Oo
Baeolophus inornatus,Oak_Titmouse
Cyrtonyx ocellatus,Ocellated_Quail
Toxostoma ocellatum,Ocellated_Thrasher
Meleagris ocellata,Ocellated_Turkey
Contopus ochraceus,Ochraceous_Pewee
Mionectes oleagineus,Ochre-bellied_Flycatcher
Sittasomus griseicapillus,Olivaceous_Woodcreeper
Arremonops rufivirgatus,Olive_Sparrow
Peucedramus taeniatus,Olive_Warbler
Contopus cooperi,Olive-sided_Flycatcher
Aratinga nana,Olive-throated_Parakeet
Catharus aurantiirostris,Orange-billed_Nightingale-thrush
Arremon aurantiirostris,Orange-billed_Sparrow
Falco deiroleucus,Orange-breasted_Falcon
Brotogeris jugularis,Orange-chinned_Parakeet
Vermivora celata,Orange-crowned_Warbler
Aratinga canicularis,Orange-fronted_Parakeet
Glareola maldivarum,Oriental_Pratincole
Spizaetus ornatus,Ornate_Hawk-eagle
Gavia pacifica,Pacific_Loon
Empidonax difficilis,Pacific-slope_Flycatcher
Neocrex erythrops,Paint-billed_Crake
Campephilus guatemalensis,Pale-billed_Woodpecker
Patagioenas cayennensis,Pale-vented_Pigeon
Zimmerius vilissimus,Paltry_Tyrannulet
Aethia psittacula,Parakeet_Auklet
Stercorarius parasiticus,Parasitic_Jaeger
Ectopistes migratorius,Passenger_Pigeon
Anthus gustavi,Pechora_Pipit
Calidris melanotos,Pectoral_Sandpiper
Falco peregrinus,Peregrine_Falcon
Dromococcyx phasianellus,Pheasant_Cuckoo
Vireo philadelphicus,Philadelphia_Vireo
Podilymbus podiceps,Pied-billed_Grebe
Cepphus columba,Pigeon_Guillemot
Xenotriccus mexicanus,Pileated_Flycatcher
Dryocopus pileatus,Pileated_Woodpecker
Empidonax affinis,Pine_Flycatcher
Pinicola enucleator,Pine_Grosbeak
Carduelis pinus,Pine_Siskin
Dendroica pinus,Pine_Warbler
Puffinus creatopus,Pink-footed_Shearwater
Botaurus pinnatus,Pinnated_Bittern
Gallinago stenura,Pintail_Snipe
Gymnorhinus cyanocephalus,Pinyon_Jay
Legatus leucophaius,Piratic_Flycatcher
Dysithamnus mentalis,Plain_Antvireo
Ortalis vetula,Plain_Chachalaca
Thryothorus modestus,Plain_Wren
Xenops minutus,Plain_Xenops
Heliomaster constantii,Plain-capped_Starthroat
Ictinia plumbea,Plumbeous_Kite
Vireo plumbeus,Plumbeous_Vireo
Stercorarius pomarinus,Pomarine_Jaeger
Falco mexicanus,Prairie_Falcon
Dendroica discolor,Prairie_Warbler
Pterodroma solandri,Providence_Petrel
Carpodacus purpureus,Purple_Finch
Progne subis,Purple_Martin
Calidris maritima,Purple_Sandpiper
Heliothryx barroti,Purple-crowned_Fairy
Pterodroma pycrofti,Pycroft's_Petrel
Sitta pygmaea,Pygmy_Nuthatch
Phalaropus fulicarius,Red_Phalarope
Melanerpes carolinus,Red-bellied_Woodpecker
Patagioenas flavirostris,Red-billed_Pigeon
Phaethon aethereus,Red-billed_Tropicbird
Mergus serrator,Red-breasted_Merganser
Sitta canadensis,Red-breasted_Nuthatch
Sphyrapicus ruber,Red-breasted_Sapsucker
Pipra mentalis,Red-capped_Manakin
Picoides borealis,Red-cockaded_Woodpecker
Amazona viridigenalis,Red-crowned_Amazon
Vireo olivaceus,Red-eyed_Vireo
Phalacrocorax urile,Red-faced_Cormorant
Sula sula,Red-footed_Booby
Melanerpes erythrocephalus,Red-headed_Woodpecker
Rissa brevirostris,Red-legged_Kittiwake
Amazona autumnalis,Red-lored_Amazon
Sphyrapicus nuchalis,Red-naped_Sapsucker
Podiceps grisegena,Red-necked_Grebe
Phalaropus lobatus,Red-necked_Phalarope
Calidris ruficollis,Red-necked_Stint
Buteo lineatus,Red-shouldered_Hawk
Buteo jamaicensis,Red-tailed_Hawk
Phaethon rubricauda,Red-tailed_Tropicbird
Anthus cervinus,Red-throated_Pipit
Egretta rufescens,Reddish_Egret
Emberiza schoeniclus,Reed_Bunting
Pharomachrus mocinno,Resplendent_Quetzal
Cerorhinca monocerata,Rhinoceros_Auklet
Larus delawarensis,Ring-billed_Gull
Megaceryle torquata,Ringed_Kingfisher
Buteo magnirostris,Roadside_Hawk
Lagopus muta,Rock_Ptarmigan
Calidris ptilocnemis,Rock_Sandpiper
Salpinctes obsoletus,Rock_Wren
Pachyramphus aglaiae,Rose-throated_Becard
Platalea ajaja,Roseate_Spoonbill
Sterna dougallii,Roseate_Tern
Chen rossii,Ross's_Goose
Buteo lagopus,Rough-legged_Hawk
Sterna maxima,Royal_Tern
Regulus calendula,Ruby-crowned_Kinglet
Archilochus colubris,Ruby-throated_Hummingbird
Laterallus ruber,Ruddy_Crake
Oxyura jamaicensis,Ruddy_Duck
Dendrocincla homochroa,Ruddy_Woodcreeper
Catharus frantzii,Ruddy-capped_Nightingale-thrush
Terenotriccus erythrurus,Ruddy-tailed_Flycatcher
Bonasa umbellus,Ruffed_Grouse
Selasphorus rufus,Rufous_Hummingbird
Rhytipterna holerythra,Rufous_Mourner
Lipaugus unirufus,Rufous_Piha
Thryothorus rufalbus,Rufous-and-white_Wren
Ortalis wagleri,Rufous-bellied_Chachalaca
Cyclarhis gujanensis,Rufous-browed_Peppershrike
Troglodytes rufociliatus,Rufous-browed_Wren
Turdus rufitorques,Rufous-collared_Robin
Zonotrichia capensis,Rufous-collared_Sparrow
Aimophila ruficeps,Rufous-crowned_Sparrow
Campylorhynchus rufinucha,Rufous-naped_Wren
Galbula ruficauda,Rufous-tailed_Jacamar
Thamnistes anabatinus,Russet_Antshrike
Catharus occidentalis,Russet_Nightingale-thrush
Momotus mexicanus,Russet-crowned_Motmot
Melozone kieneri,Rusty-crowned_Ground-sparrow
Xema sabini,Sabine's_Gull
Amphispiza belli,Sage_Sparrow
Oreoscoptes montanus,Sage_Thrasher
Ammodramus caudacutus,Saltmarsh_Sparrow
Riparia riparia,Sand_Martin
Sterna sandvicensis,Sandwich_Tern
Passerculus sandwichensis,Savannah_Sparrow
Sayornis saya,Say's_Phoebe
Grallaria guatimalensis,Scaled_Antpitta
Patagioenas speciosa,Scaled_Pigeon
Callipepla squamata,Scaled_Quail
Phaeochroa cuvierii,Scaly-breasted_Hummingbird
Patagioenas squamosa,Scaly-naped_Pigeon
Anabacerthia variegaticeps,Scaly-throated_Foliage-gleaner
Ara macao,Scarlet_Macaw
Tyrannus forficatus,Scissor-tailed_Flycatcher
Ammodramus maritimus,Seaside_Sparrow
Cistothorus platensis,Sedge_Wren
Charadrius semipalmatus,Semipalmated_Plover
Leptopogon amaurocephalus,Sepia-capped_Flycatcher
Tympanuchus phasianellus,Sharp-tailed_Grouse
Calidris acuminata,Sharp-tailed_Sandpiper
Limnodromus griseus,Short-billed_Dowitcher
Lophornis brachylophus,Short-crested_Coquette
Asio flammeus,Short-eared_Owl
Phoebastria albatrus,Short-tailed_Albatross
Buteo brachyurus,Short-tailed_Hawk
Lurocalis semitorquatus,Short-tailed_Nighthawk
Puffinus tenuirostris,Short-tailed_Shearwater
Prunella montanella,Siberian_Accentor
Parus cinctus,Siberian_Tit
Corvus sinaloae,Sinaloa_Crow
Thryothorus sinaloa,Sinaloa_Wren
Dactylortyx thoracicus,Singing_Quail
Myadestes unicolor,Slate-coloured_Solitaire
Myrmotherula schisticolor,Slaty_Antwren
Vireo brevipennis,Slaty_Vireo
Larus schistisagus,Slaty-backed_Gull
Crypturellus boucardi,Slaty-breasted_Tinamou
Trogon massena,Slaty-tailed_Trogon
Doricha enicura,Slender_Sheartail
Calcarius pictus,Smith's_Longspur
Picoides fumigatus,Smoky-brown_Woodpecker
Crotophaga ani,Smooth-billed_Ani
Rostrhamus sociabilis,Snail_Kite
Plectrophenax nivalis,Snow_Bunting
Chen caerulescens,Snow_Goose
Egretta thula,Snowy_Egret
Bubo scandiaca,Snowy_Owl
Zenaida graysoni,Socorro_Dove
Mimus graysoni,Socorro_Mockingbird
Aratinga brevipes,Socorro_Parakeet
Troglodytes sissonii,Socorro_Wren
Harpyhaliaetus solitarius,Solitary_Eagle
Tringa solitaria,Solitary_Sandpiper
Puffinus griseus,Sooty_Shearwater
Sterna fuscata,Sooty_Tern
Laniocera rufescens,Speckled_Mourner
Somateria fischeri,Spectacled_Eider
Pulsatrix perspicillata,Spectacled_Owl
Thryothorus maculipectus,Spot-breasted_Wren
Caprimulgus maculicaudus,Spot-tailed_Nightjar
Catharus dryas,Spotted_Nightingale-thrush
Strix occidentalis,Spotted_Owl
Pardirallus maculatus,Spotted_Rail
Tringa erythropus,Spotted_Redshank
Actitis macularius,Spotted_Sandpiper
Xiphorhynchus erythropygius,Spotted_Woodcreeper
Campylorhynchus gularis,Spotted_Wren
Anthus spragueii,Sprague's_Pipit
Dendragapus canadensis,Spruce_Grouse
Piaya cayana,Squirrel_Cuckoo
Polysticta stelleri,Steller's_Eider
Cyanocitta stelleri,Steller's_Jay
Calidris himantopus,Stilt_Sandpiper
Lepidocolaptes souleyetii,Streak-headed_Woodcreeper
Calonectris leucomelas,Streaked_Shearwater
Picoides stricklandi,Strickland's_Woodpecker
Peucaea ruficauda,Stripe-headed_Sparrow
Tapera naevia,Striped_Cuckoo
Pseudoscops clamator,Striped_Owl
Xiphocolaptes promeropirhynchus,Strong-billed_Woodcreeper
Platyrinchus cancrominus,Stub-tailed_Spadebill
Asio stygius,Stygian_Owl
Myiodynastes luteiventris,Sulphur-bellied_Flycatcher
Hylorchilus sumichrasti,Sumichrast's_Wren
Melanitta perspicillata,Surf_Scoter
Buteo swainsoni,Swainson's_Hawk
Catharus ustulatus,Swainson's_Thrush
Melospiza georgiana,Swamp_Sparrow
Corvus imparatus,Tamaulipas_Crow
Hylophilus ochraceiceps,Tawny-crowned_Greenlet
Sclerurus mexicanus,Tawny-throated_Leaftosser
Dendrocincla anabatina,Tawny-winged_Woodcreeper
Vermivora peregrina,Tennessee_Warbler
Xenus cinereus,Terek_Sandpiper
Tyrannus crassirostris,Thick-billed_Kingbird
Rhynchopsitta pachyrhyncha,Thick-billed_Parrot
Vireo crassirostris,Thick-billed_Vireo
Crypturellus cinnamomeus,Thicket_Tinamou
Schiffornis turdina,Thrush-like_Schiffornis
Hylomanes momotula,Tody_Motmot
Puffinus auricularis,Townsend's_Shearwater
Dendroica townsendi,Townsend's_Warbler
Anthus trivialis,Tree_Pipit
Tyrannus melancholicus,Tropical_Kingbird
Mimus gilvus,Tropical_Mockingbird
Parula pitiayumi,Tropical_Parula
Cygnus buccinator,Trumpeter_Swan
Aythya fuligula,Tufted_Duck
Mitrephanes phaeocercus,Tufted_Flycatcher
Cyanocorax dickeyi,Tufted_Jay
Fratercula cirrhata,Tufted_Puffin
Baeolophus bicolor,Tufted_Titmouse
Cygnus columbianus,Tundra_Swan
Cathartes aura,Turkey_Vulture
Eumomota superciliosa,Turquoise-browed_Motmot
Geotrygon carrikeri,Tuxtla_Quail-dove
Bartramia longicauda,Upland_Sandpiper
Zoothera naevia,Varied_Thrush
Pyrocephalus rubinus,Vermilion_Flycatcher
Pooecetes gramineus,Vesper_Sparrow
Campylopterus hemileucurus,Violet_Sabrewing
Amazilia violiceps,Violet-crowned_Hummingbird
Tachycineta thalassina,Violet-green_Swallow
Rallus limicola,Virginia_Rail
Vermivora virginiae,Virginia's_Warbler
Heteroscelus incanus,Wandering_Tattler
Campylopterus curvipennis,Wedge-tailed_Sabrewing
Puffinus pacificus,Wedge-tailed_Shearwater
Sialia mexicana,Western_Bluebird
Aechmophorus occidentalis,Western_Grebe
Larus occidentalis,Western_Gull
Tyrannus verticalis,Western_Kingbird
Calidris mauri,Western_Sandpiper
Aethia pygmaea,Whiskered_Auklet
Megascops trichopsis,Whiskered_Screech-owl
Eudocimus albus,White_Ibis
Motacilla alba,White_Wagtail
Ortalis leucogastra,White-bellied_Chachalaca
Amazilia candida,White-bellied_Emerald
Uropsila leucogastra,White-bellied_Wren
Sitta carolinensis,White-breasted_Nuthatch
Anas bahamensis,White-cheeked_Pintail
Cypseloides cryptus,White-chinned_Swift
Manacus candei,White-collared_Manakin
Pionus senilis,White-crowned_Parrot
Patagioenas leucocephala,White-crowned_Pigeon
Zonotrichia leucophrys,White-crowned_Sparrow
Hylocharis leucotis,White-eared_Hummingbird
Vireo griseus,White-eyed_Vireo
Plegadis chihi,White-faced_Ibis
Myrmotherula axillaris,White-flanked_Antwren
Amazona albifrons,White-fronted_Amazon
Cypseloides storeri,White-fronted_Swift
Picoides albolarvatus,White-headed_Woodpecker
Polioptila albiloris,White-lored_Gnatcatcher
Streptoprocne semicollaris,White-naped_Swift
Florisuga mellivora,White-necked_Jacobin
Calidris fuscicollis,White-rumped_Sandpiper
Lepidocolaptes leucogaster,White-striped_Woodcreeper
Buteo albicaudatus,White-tailed_Hawk
Eupherusa poliocerca,White-tailed_Hummingbird
Elanus leucurus,White-tailed_Kite
Lagopus leucura,White-tailed_Ptarmigan
Phaethon lepturus,White-tailed_Tropicbird
Empidonax albigularis,White-throated_Flycatcher
Cyanolyca mirabilis,White-throated_Jay
Zonotrichia albicollis,White-throated_Sparrow
Aeronautes saxatalis,White-throated_Swift
Turdus assimilis,White-throated_Thrush
Melozone albicollis,White-throated_Towhee
Leptotila verreauxi,White-tipped_Dove
Pachyramphus polychopterus,White-winged_Becard
Cygnus cygnus,Whooper_Swan
Grus americana,Whooping_Crane
Meleagris gallopavo,Wild_Turkey
Sphyrapicus thyroideus,Williamson's_Sapsucker
Empidonax traillii,Willow_Flycatcher
Lagopus lagopus,Willow_Ptarmigan
Steganopus tricolor,Wilson's_Phalarope
Charadrius wilsonia,Wilson's_Plover
Atthis ellioti,Wine-throated_Hummingbird
Troglodytes troglodytes,Winter_Wren
Aix sponsa,Wood_Duck
Tringa glareola,Wood_Sandpiper
Mycteria americana,Wood_Stork
Hylocichla mustelina,Wood_Thrush
Hylocharis xantusii,Xantus's_Hummingbird
Ixobrychus sinensis,Yellow_Bittern
Motacilla flava,Yellow_Wagtail
Dendroica petechia,Yellow_Warbler
Empidonax flaviventris,Yellow-bellied_Flycatcher
Sphyrapicus varius,Yellow-bellied_Sapsucker
Ornithion semiflavum,Yellow-bellied_Tyrannulet
Paroaria capitata,Yellow-billed_Cardinal
Coccyzus americanus,Yellow-billed_Cuckoo
Gavia adamsii,Yellow-billed_Loon
Pica nuttalli,Yellow-billed_Magpie
Porzana flaviventer,Yellow-breasted_Crake
Junco phaeonotus,Yellow-eyed_Junco
Larus livens,Yellow-footed_Gull
Vireo flavoviridis,Yellow-green_Vireo
Amazona oratrix,Yellow-headed_Amazon
Amazona xantholora,Yellow-lored_Amazon
Amazona auropalliata,Yellow-naped_Amazon
Dendroica coronata,Yellow-rumped_Warbler
Vireo flavifrons,Yellow-throated_Vireo
Empidonax flavescens,Yellowish_Flycatcher
Myiarchus yucatanensis,Yucatan_Flycatcher
Cyanocorax yucatanicus,Yucatan_Jay
Caprimulgus badius,Yucatan_Nightjar
Nyctiphrynus yucatanicus,Yucatan_Poorwill
Vireo magister,Yucatan_Vireo
Campylorhynchus yucatanicus,Yucatan_Wren
Zenaida aurita,Zenaida_Dove
Buteo albonotatus,Zone-tailed_Hawk